time,sender_id,receiver_id,amount,fee,status
2023-01-01 00:00:00,1102,1876,8.620564467242145,0.07310901440157491,confirmed
2023-01-01 08:44:41,1435,1004,8.445649435952168,0.09813157934067494,confirmed
2023-01-01 17:29:22,1860,1118,3.191685631959313,0.025727353238180355,confirmed
2023-01-02 02:14:03,1270,1800,8.289325826032623,0.06545204268726004,confirmed
2023-01-02 10:58:44,1106,1373,0.37103933952021073,0.01988995351269804,pending
2023-01-02 19:43:25,1071,1064,5.963102514942049,0.05657649243170383,confirmed
2023-01-03 04:28:06,1700,1145,2.3008583640397426,0.04644685542016479,confirmed
2023-01-03 13:12:47,1020,1223,1.2065482908870109,0.09720333243019055,pending
2023-01-03 21:57:28,1614,1238,0.7704550630904624,0.06089187454237702,confirmed
2023-01-04 06:42:09,1121,1176,6.96319147000552,0.0350156865714732,confirmed
2023-01-04 15:26:50,1466,1778,3.3994097627168935,0.011498168910304543,confirmed
2023-01-05 00:11:31,1214,1852,7.247942948516086,0.015209558190619962,failed
2023-01-05 08:56:12,1330,1281,0.6544980516486247,0.022609161302128384,pending
2023-01-05 17:40:54,1458,1062,3.1535880879682727,0.02517156946789577,confirmed
2023-01-06 02:25:35,1087,1216,5.395373432460998,0.08507654417832967,pending
2023-01-06 11:10:16,1372,1853,7.9074409252247975,0.056166156549424244,failed
2023-01-06 19:54:57,1099,1826,3.188206276817767,0.05238675204629921,pending
2023-01-07 04:39:38,1871,1794,6.259287872993655,0.011565410299734825,confirmed
2023-01-07 13:24:19,1663,1688,8.859891504613636,0.08602795536560856,confirmed
2023-01-07 22:09:00,1130,1460,6.159016018634864,0.07230914889052753,confirmed
2023-01-08 06:53:41,1661,1928,2.330361788061584,0.006860069353810159,confirmed
2023-01-08 15:38:22,1308,1609,0.24498341478382368,0.0708127262132539,confirmed
2023-01-09 00:23:03,1769,1104,8.701118640135398,0.05439946791253035,confirmed
2023-01-09 09:07:44,1343,1098,0.213672839093021,0.008264362040103147,confirmed
2023-01-09 17:52:25,1491,1510,8.74714202516931,0.04588423408871278,confirmed
2023-01-10 02:37:07,1413,1384,5.289842403138093,0.0485211590842917,confirmed
2023-01-10 11:21:48,1805,1404,9.39073791743045,0.016660876562311248,confirmed
2023-01-10 20:06:29,1385,1822,7.988033574500881,0.0945752448853282,confirmed
2023-01-11 04:51:10,1191,1517,9.979343171222842,0.08501253961091813,confirmed
2023-01-11 13:35:51,1955,1475,3.50776744270165,0.06693533149917792,failed
2023-01-11 22:20:32,1276,1976,7.672115701022339,0.04628332654396066,confirmed
2023-01-12 07:05:13,1160,1708,4.0199072051788125,0.041235377604292404,pending
2023-01-12 15:49:54,1459,1862,4.799276327418785,0.06513224936838033,pending
2023-01-13 00:34:35,1313,1644,6.2754271267204835,0.05458864375374986,failed
2023-01-13 09:19:16,1021,1869,8.736897464749202,0.006321083277600373,confirmed
2023-01-13 18:03:57,1252,1770,9.840850608523752,0.05129901461215614,pending
2023-01-14 02:48:38,1747,1436,7.682965865231318,0.08065972136156067,confirmed
2023-01-14 11:33:20,1856,1022,4.178250054891171,0.04597806377193611,confirmed
2023-01-14 20:18:01,1560,1996,4.214148665768425,0.0052904620976714145,confirmed
2023-01-15 05:02:42,1474,1564,7.376085433587327,0.07864919211846491,confirmed
2023-01-15 13:47:23,1058,1676,2.388532680537255,0.02021624183538384,pending
2023-01-15 22:32:04,1510,1713,1.1056306572008152,0.025936221405315072,failed
2023-01-16 07:16:45,1681,1457,3.5468669542501248,0.01655416470788636,confirmed
2023-01-16 16:01:26,1475,1082,2.8731026775491633,0.03308848498066261,confirmed
2023-01-17 00:46:07,1699,1144,2.963784896439445,0.07569947541829465,confirmed
2023-01-17 09:30:48,1975,1084,2.3368439027480497,0.05198664736444335,confirmed
2023-01-17 18:15:29,1782,1077,0.4218898031739825,0.020567639287656186,confirmed
2023-01-18 03:00:10,1189,1456,0.1797214733994047,0.08779522480738888,confirmed
2023-01-18 11:44:51,1957,1877,9.87723617497058,0.08797022730965777,confirmed
2023-01-18 20:29:32,1686,1000,4.278303564224888,0.0870707846620961,confirmed
2023-01-19 05:14:14,1957,1050,3.8438821449496574,0.023955741517015773,confirmed
2023-01-19 13:58:55,1562,1684,6.796793179648006,0.04517881048368071,pending
2023-01-19 22:43:36,1875,1716,2.1833206247627768,0.09850046664847342,pending
2023-01-20 07:28:17,1566,1771,9.499661878318303,0.07722404638336804,confirmed
2023-01-20 16:12:58,1243,1445,7.863663799141106,0.0028140253804334256,confirmed
2023-01-21 00:57:39,1831,1448,0.8950206121202829,0.006613938666923156,confirmed
2023-01-21 09:42:20,1504,1880,4.1763901770734995,0.04644674454355205,confirmed
2023-01-21 18:27:01,1130,1487,8.791303957314085,0.09093109856556987,confirmed
2023-01-22 03:11:42,1484,1799,9.447375490891812,0.05391630961547615,confirmed
2023-01-22 11:56:23,1818,1033,4.674547710987448,0.049831469552625594,confirmed
2023-01-22 20:41:04,1646,1347,6.134500480717867,0.010636822625667395,confirmed
2023-01-23 05:25:45,1020,1094,1.6711724269746602,0.06571233246195698,pending
2023-01-23 14:10:27,1840,1071,9.911695092743628,0.08222810574396253,confirmed
2023-01-23 22:55:08,1166,1550,2.3174853421330504,0.03810395875000548,confirmed
2023-01-24 07:39:49,1273,1153,9.427375009577121,0.07758362390744022,confirmed
2023-01-24 16:24:30,1387,1249,6.496816843274693,0.09645121772469109,failed
2023-01-25 01:09:11,1600,1673,6.077760211993713,0.02045626926685614,confirmed
2023-01-25 09:53:52,1315,1437,5.12737242165407,0.05238063015635466,confirmed
2023-01-25 18:38:33,1013,1117,2.307467447365869,0.028785082012649097,pending
2023-01-26 03:23:14,1241,1770,1.766103792023077,0.07930615646148055,confirmed
2023-01-26 12:07:55,1776,1890,2.2056416044926834,0.05780157725152764,failed
2023-01-26 20:52:36,1345,1305,1.865196183180401,0.06349478351327535,pending
2023-01-27 05:37:17,1564,1267,7.796065151193967,0.07981162454562782,pending
2023-01-27 14:21:58,1897,1960,3.501902466408134,0.03965745021897925,confirmed
2023-01-27 23:06:40,1339,1053,0.5793689229574003,0.09151749783386362,pending
2023-01-28 07:51:21,1091,1235,9.691057198777973,0.05334958383788939,confirmed
2023-01-28 16:36:02,1366,1388,8.837975063749294,0.015879686801251267,confirmed
2023-01-29 01:20:43,1955,1989,9.277595079668934,0.06962032190506337,confirmed
2023-01-29 10:05:24,1454,1733,9.949083318641707,0.07934680890878162,confirmed
2023-01-29 18:50:05,1427,1762,1.7397785969456534,0.03174449153904592,confirmed
2023-01-30 03:34:46,1508,1824,3.963023947007685,0.08573220777417542,confirmed
2023-01-30 12:19:27,1775,1400,7.58262651856521,0.09062371115110007,pending
2023-01-30 21:04:08,1942,1623,6.9605101599198695,0.02776275828904311,confirmed
2023-01-31 05:48:49,1034,1766,1.5398051674922106,0.09835379512425069,confirmed
2023-01-31 14:33:30,1205,1302,8.158515416781187,0.014157081652070965,confirmed
2023-01-31 23:18:11,1080,1918,2.24518127779477,0.020281365273408746,confirmed
2023-02-01 08:02:52,1931,1206,2.2389523306114083,0.01850406143987881,confirmed
2023-02-01 16:47:34,1561,1228,5.370207254511243,0.08940957202978626,pending
2023-02-02 01:32:15,1871,1852,5.92980640848219,0.06546382597726369,pending
2023-02-02 10:16:56,1387,1909,5.801281992170274,0.01529521789390506,confirmed
2023-02-02 19:01:37,1001,1577,0.915776887140151,0.04408830949499807,confirmed
2023-02-03 03:46:18,1389,1074,8.774731165441173,0.06156827270447323,pending
2023-02-03 12:30:59,1565,1434,2.656734825844472,0.00843806209043939,confirmed
2023-02-03 21:15:40,1105,1102,1.2960196979067589,0.08825339520389315,confirmed
2023-02-04 06:00:21,1771,1421,8.887592050609904,0.08037999319060937,confirmed
2023-02-04 14:45:02,1821,1703,9.556559330799304,0.050570156680306164,confirmed
2023-02-04 23:29:43,1476,1763,8.621414045037241,0.09671594886439114,pending
2023-02-05 08:14:24,1702,1737,8.095351231174055,0.041834321829582466,confirmed
2023-02-05 16:59:05,1401,1805,6.552764564409579,0.09841262087174614,confirmed
2023-02-06 01:43:47,1729,1305,5.509022848720784,0.06682520788048235,confirmed
2023-02-06 10:28:28,1555,1097,0.87078061235419,0.06350366019806876,confirmed
2023-02-06 19:13:09,1161,1849,4.085123677493917,0.016678894040048922,pending
2023-02-07 03:57:50,1201,1797,3.727512481606128,0.08820458305463394,failed
2023-02-07 12:42:31,1957,1334,2.5982780838195016,0.04280621982326946,confirmed
2023-02-07 21:27:12,1995,1858,7.234477716772162,0.01630711723766969,confirmed
2023-02-08 06:11:53,1269,1434,4.95926147505263,0.0013594912455783283,confirmed
2023-02-08 14:56:34,1862,1446,0.8113811128605717,0.05601959279547442,confirmed
2023-02-08 23:41:15,1815,1993,2.2026118362961635,0.05278722225005537,confirmed
2023-02-09 08:25:56,1270,1307,6.832904377832301,0.07196342687467895,confirmed
2023-02-09 17:10:37,1455,1248,0.7622324640435116,0.08903677949647844,confirmed
2023-02-10 01:55:18,1461,1165,8.512217933573638,0.00803271780583865,confirmed
2023-02-10 10:40:00,1726,1480,4.95197012361273,0.0731764993850022,confirmed
2023-02-10 19:24:41,1251,1983,4.806385186689154,0.018822453215348464,confirmed
2023-02-11 04:09:22,1701,1334,5.9244854388105175,0.08583188761040068,pending
2023-02-11 12:54:03,1295,1541,8.246984978285566,0.08192444503477946,confirmed
2023-02-11 21:38:44,1724,1758,3.4787442698140283,0.05412529612305589,confirmed
2023-02-12 06:23:25,1719,1105,6.780483509438077,0.07105325558246882,confirmed
2023-02-12 15:08:06,1748,1562,5.657753907993915,0.03150357630705647,confirmed
2023-02-12 23:52:47,1337,1080,2.671015673424044,0.04716967310338819,confirmed
2023-02-13 08:37:28,1878,1132,8.786421233565225,0.08218152608127613,confirmed
2023-02-13 17:22:09,1052,1796,7.974462790047675,0.04598059319760407,confirmed
2023-02-14 02:06:50,1791,1899,6.584859894749597,0.035844046706011636,confirmed
2023-02-14 10:51:31,1921,1137,8.505966709213325,0.04947182348030496,confirmed
2023-02-14 19:36:12,1216,1183,8.673074715397064,0.08284210031847812,confirmed
2023-02-15 04:20:54,1763,1400,7.083921404173633,0.03358728393235019,confirmed
2023-02-15 13:05:35,1187,1329,8.370296270308357,0.017458783154260804,confirmed
2023-02-15 21:50:16,1379,1784,6.975017145231168,0.071230200631045,confirmed
2023-02-16 06:34:57,1492,1507,6.801727576831245,0.08261522344953738,confirmed
2023-02-16 15:19:38,1040,1851,6.186495170773629,0.010153684104500979,confirmed
2023-02-17 00:04:19,1156,1983,7.527413678936855,0.024063423864318877,confirmed
2023-02-17 08:49:00,1014,1068,1.5868924478254438,0.014283001777123291,confirmed
2023-02-17 17:33:41,1812,1545,8.808826721230085,0.03485934701705845,pending
2023-02-18 02:18:22,1064,1773,8.718563433924574,0.04509006279265073,confirmed
2023-02-18 11:03:03,1856,1052,0.2934435830625569,0.07490775106263432,confirmed
2023-02-18 19:47:44,1838,1449,8.258341688897062,0.06514964372967925,confirmed
2023-02-19 04:32:25,1520,1204,1.2895698048669786,0.06213076389109528,pending
2023-02-19 13:17:07,1343,1125,3.3518534237371598,0.03530225716630448,confirmed
2023-02-19 22:01:48,1128,1746,7.435339054659787,0.08416061055316752,confirmed
2023-02-20 06:46:29,1647,1042,1.6084382005870337,0.04718158802307664,pending
2023-02-20 15:31:10,1471,1751,8.179852274166503,0.09791258330771395,confirmed
2023-02-21 00:15:51,1062,1970,8.32150964539946,0.06345079961574411,confirmed
2023-02-21 09:00:32,1138,1882,5.0751698698746015,0.012713847682293822,pending
2023-02-21 17:45:13,1498,1110,0.06485233129661896,0.06765013845133586,confirmed
2023-02-22 02:29:54,1592,1760,2.871094293615953,0.03257789114162673,confirmed
2023-02-22 11:14:35,1391,1662,6.169652256839047,0.06866408694894113,confirmed
2023-02-22 19:59:16,1674,1182,9.811880594096207,0.007057150701424334,confirmed
2023-02-23 04:43:57,1418,1847,6.318503456639668,0.01757065557387834,pending
2023-02-23 13:28:38,1288,1094,2.598776007060534,0.08558815216468806,pending
2023-02-23 22:13:20,1378,1970,6.340423025293014,0.022795237746649138,pending
2023-02-24 06:58:01,1772,1373,5.400313811778839,0.08372040841176971,pending
2023-02-24 15:42:42,1489,1911,7.798674106116286,0.027999681236595603,confirmed
2023-02-25 00:27:23,1230,1519,1.070699407630757,0.0643239028148649,confirmed
2023-02-25 09:12:04,1040,1899,7.610517997117779,0.06944564229363212,confirmed
2023-02-25 17:56:45,1027,1359,5.413124520182428,0.05131420983919079,confirmed
2023-02-26 02:41:26,1134,1899,9.629957046586087,0.030600536602003455,pending
2023-02-26 11:26:07,1200,1695,3.419379788220822,0.0213431731994725,confirmed
2023-02-26 20:10:48,1839,1280,6.326586309446348,0.0034156165207863795,confirmed
2023-02-27 04:55:29,1779,1194,9.320349026994664,0.03046424548394831,confirmed
2023-02-27 13:40:10,1929,1863,1.025994770178802,0.06535096277407518,confirmed
2023-02-27 22:24:51,1032,1194,9.372347643877275,0.09383665136300343,confirmed
2023-02-28 07:09:32,1047,1666,6.879169337285833,0.0871333277780789,confirmed
2023-02-28 15:54:14,1502,1092,0.6793027539926139,0.07662987117587673,confirmed
2023-03-01 00:38:55,1406,1671,3.0103347059012155,0.07886588959100455,confirmed
2023-03-01 09:23:36,1573,1945,7.082012714364171,0.06653199185725193,confirmed
2023-03-01 18:08:17,1727,1060,0.6744386640862482,0.0261026570708437,confirmed
2023-03-02 02:52:58,1804,1633,5.8221224313025575,0.0907287835675124,confirmed
2023-03-02 11:37:39,1098,1050,3.4594846864726145,0.06710615795939283,failed
2023-03-02 20:22:20,1683,1402,6.209534262157004,0.05608801903494595,confirmed
2023-03-03 05:07:01,1871,1788,0.45837459609131603,0.011187847974426759,confirmed
2023-03-03 13:51:42,1725,1004,8.71549652471761,0.044760848826261905,confirmed
2023-03-03 22:36:23,1986,1465,9.734916202804792,0.04608979129307244,confirmed
2023-03-04 07:21:04,1546,1603,9.688809675001629,0.08646990459131473,confirmed
2023-03-04 16:05:45,1960,1681,7.4967686655975045,0.054710157196760076,pending
2023-03-05 00:50:27,1738,1828,1.301732315066189,0.03810201484214393,confirmed
2023-03-05 09:35:08,1612,1533,7.582873696094298,0.09768235281821487,confirmed
2023-03-05 18:19:49,1942,1404,0.24684457767155632,0.011160987273298936,confirmed
2023-03-06 03:04:30,1461,1837,0.22221339173844357,0.04231258798836327,pending
2023-03-06 11:49:11,1642,1512,3.236778581276263,0.004298265049623389,confirmed
2023-03-06 20:33:52,1768,1644,4.8869432608562535,0.07401642166461635,confirmed
2023-03-07 05:18:33,1004,1232,7.704303770660125,0.09181584756469516,confirmed
2023-03-07 14:03:14,1217,1523,6.833270470688446,0.028075729222093896,confirmed
2023-03-07 22:47:55,1502,1345,4.459581161061108,0.08584833351223219,confirmed
2023-03-08 07:32:36,1766,1045,2.736993036150377,0.02929260122314359,confirmed
2023-03-08 16:17:17,1397,1545,9.971247877076953,0.09108593914822713,confirmed
2023-03-09 01:01:58,1870,1944,4.262386841057494,0.07542079416931873,pending
2023-03-09 09:46:40,1794,1077,4.5144188562724255,0.08051018700645972,confirmed
2023-03-09 18:31:21,1392,1729,1.6370745880955002,0.0018988549044854045,pending
2023-03-10 03:16:02,1206,1812,7.948300677950544,0.0962847546716952,confirmed
2023-03-10 12:00:43,1014,1922,6.937128575589106,0.0726944321078253,confirmed
2023-03-10 20:45:24,1857,1072,2.208475358274815,0.030544634429074718,pending
2023-03-11 05:30:05,1553,1793,0.8247280751128112,0.08295652701939882,pending
2023-03-11 14:14:46,1891,1248,6.805312521445057,0.0282239677216515,pending
2023-03-11 22:59:27,1460,1046,6.545457631597072,0.08728810857265619,confirmed
2023-03-12 07:44:08,1690,1120,2.7333220104550953,0.011346781002152508,confirmed
2023-03-12 16:28:49,1574,1213,9.508684758941854,0.0703982291483335,confirmed
2023-03-13 01:13:30,1863,1238,1.5114278599172215,0.05411577781682655,pending
2023-03-13 09:58:11,1742,1055,4.323915675624977,0.009743793572524537,pending
2023-03-13 18:42:52,1240,1349,9.436215585755821,0.024265193443058015,pending
2023-03-14 03:27:34,1563,1106,4.197853441944297,0.0013391632241037475,pending
2023-03-14 12:12:15,1095,1830,6.385620950693192,0.04692991974990414,confirmed
2023-03-14 20:56:56,1899,1047,3.9765463852299803,0.03019639954992404,confirmed
2023-03-15 05:41:37,1733,1572,2.7428778082843515,0.05987591268134611,confirmed
2023-03-15 14:26:18,1484,1336,9.839792501950322,0.029794056990090856,pending
2023-03-15 23:10:59,1406,1025,4.093930729144116,0.03006191923954777,confirmed
2023-03-16 07:55:40,1230,1803,8.941097937587665,0.07434500055328719,confirmed
2023-03-16 16:40:21,1748,1256,2.300316104304971,0.00490946931423751,confirmed
2023-03-17 01:25:02,1654,1007,2.131833935546808,0.09029921001967953,confirmed
2023-03-17 10:09:43,1170,1624,0.3123096947622291,0.08524116105167903,pending
2023-03-17 18:54:24,1540,1866,6.517016586933475,0.06681368785431802,confirmed
2023-03-18 03:39:05,1035,1252,3.6858949108938877,0.059362834853727696,confirmed
2023-03-18 12:23:47,1524,1691,8.64371814014653,0.08924101956415126,confirmed
2023-03-18 21:08:28,1159,1718,4.73262585700888,0.018614484934918574,failed
2023-03-19 05:53:09,1838,1302,9.681966085719303,0.007989019302863777,confirmed
2023-03-19 14:37:50,1698,1638,1.8560696315155083,0.02402706597396286,confirmed
2023-03-19 23:22:31,1242,1055,8.686363056388153,0.07947837004214901,confirmed
2023-03-20 08:07:12,1085,1725,7.766191931064626,0.003563559645975684,confirmed
2023-03-20 16:51:53,1795,1525,7.709447524595877,0.058322402824840615,confirmed
2023-03-21 01:36:34,1577,1473,8.44798749794076,0.09954420786751186,confirmed
2023-03-21 10:21:15,1681,1027,7.610478885439047,0.0855840397743702,confirmed
2023-03-21 19:05:56,1556,1982,6.262576995992523,0.05219242433545459,pending
2023-03-22 03:50:37,1573,1077,1.3133175319461934,0.006457726837735571,confirmed
2023-03-22 12:35:18,1952,1215,0.32622926873302793,0.08315421408713242,confirmed
2023-03-22 21:20:00,1645,1385,9.208557630309052,0.05993795296690334,confirmed
2023-03-23 06:04:41,1795,1364,6.166886494892861,0.011581806406250726,confirmed
2023-03-23 14:49:22,1027,1665,7.965576372470788,0.009476342753853284,confirmed
2023-03-23 23:34:03,1619,1525,4.815741992773988,0.09097171926171559,pending
2023-03-24 08:18:44,1555,1698,1.1739645814349824,0.06695310626751404,confirmed
2023-03-24 17:03:25,1339,1311,1.2527327362333018,0.08294575125174389,pending
2023-03-25 01:48:06,1797,1882,6.855967307002485,0.08790999213819851,confirmed
2023-03-25 10:32:47,1957,1006,4.303628643099728,0.0572200579696274,pending
2023-03-25 19:17:28,1330,1002,2.006046742276667,0.05179289054032863,confirmed
2023-03-26 04:02:09,1639,1622,4.916453872867628,0.043099698291066926,confirmed
2023-03-26 12:46:50,1505,1918,0.6430251618142657,0.03176296412033282,confirmed
2023-03-26 21:31:31,1347,1749,5.820132047742074,0.04351613648978531,confirmed
2023-03-27 06:16:12,1472,1362,2.6906650509465417,0.07741057760744263,confirmed
2023-03-27 15:00:54,1230,1750,7.975793447271245,0.06023215075841165,confirmed
2023-03-27 23:45:35,1189,1507,3.104309227276814,0.08926307666648912,confirmed
2023-03-28 08:30:16,1224,1273,4.552746270668931,0.04439366343648086,pending
2023-03-28 17:14:57,1384,1505,0.11719377854109826,0.06074824891400353,confirmed
2023-03-29 01:59:38,1376,1805,0.7253964310577943,0.06316762455388968,pending
2023-03-29 10:44:19,1282,1738,3.9255430705104417,0.05921054651440193,confirmed
2023-03-29 19:29:00,1957,1882,4.799908408336519,0.07029311393124309,confirmed
2023-03-30 04:13:41,1632,1014,6.000605460644919,0.023819603490643146,confirmed
2023-03-30 12:58:22,1627,1191,2.917334124514323,0.05128514137682449,confirmed
2023-03-30 21:43:03,1972,1984,6.9501238793793,0.010512057800553932,confirmed
2023-03-31 06:27:44,1744,1630,8.601363849494856,0.038512681631716776,pending
2023-03-31 15:12:25,1258,1484,7.798730037944606,0.04881794015526432,confirmed
2023-03-31 23:57:07,1358,1027,0.39714863465822314,0.06525720352859271,confirmed
2023-04-01 08:41:48,1709,1713,4.805588965631032,0.09505805215336173,confirmed
2023-04-01 17:26:29,1455,1038,1.0501968540033304,0.060105041548180756,confirmed
2023-04-02 02:11:10,1410,1952,2.421208113609412,0.07438503222603833,confirmed
2023-04-02 10:55:51,1648,1272,9.866639270078197,0.05067597934357076,confirmed
2023-04-02 19:40:32,1317,1230,1.4258129334722307,0.0634469927344955,confirmed
2023-04-03 04:25:13,1676,1085,4.98938264636011,0.007186128391763966,confirmed
2023-04-03 13:09:54,1224,1473,6.181939187446874,0.025513718926100513,confirmed
2023-04-03 21:54:35,1818,1125,7.024947240470496,0.03624912401119336,pending
2023-04-04 06:39:16,1233,1811,5.596927186185654,0.04730208616515071,confirmed
2023-04-04 15:23:57,1683,1536,0.09869870334441741,0.004660309675688135,confirmed
2023-04-05 00:08:38,1663,1144,3.265286621131675,0.014088407345576436,confirmed
2023-04-05 08:53:20,1974,1524,5.17759872220373,0.027753749348351446,pending
2023-04-05 17:38:01,1826,1211,0.8795771249491887,0.09715611582101497,confirmed
2023-04-06 02:22:42,1373,1024,3.5069186851605987,0.03320156600959478,confirmed
2023-04-06 11:07:23,1671,1579,0.3329978848048743,0.04825590170539705,confirmed
2023-04-06 19:52:04,1607,1393,0.7867063930530525,0.019690161502565456,confirmed
2023-04-07 04:36:45,1471,1066,3.969835838739759,0.06111692910046925,pending
2023-04-07 13:21:26,1232,1232,1.3280248246765605,0.028140253230045834,confirmed
2023-04-07 22:06:07,1691,1108,5.675840941767321,0.020778558585998835,confirmed
2023-04-08 06:50:48,1112,1145,6.894960226403521,0.051705605581753314,confirmed
2023-04-08 15:35:29,1829,1110,8.006066404391719,0.0006500293361260401,failed
2023-04-09 00:20:10,1496,1227,2.002302292203856,0.0008656368616576103,pending
2023-04-09 09:04:51,1441,1110,1.6756583400084384,0.021984974029275593,confirmed
2023-04-09 17:49:32,1563,1469,1.046573835503668,0.003768464113832032,pending
2023-04-10 02:34:14,1267,1033,6.364666065186824,0.010891772837656069,confirmed
2023-04-10 11:18:55,1509,1622,7.065050789142526,0.033952178868941287,confirmed
2023-04-10 20:03:36,1806,1775,0.31682986211159475,0.08027830939002331,confirmed
2023-04-11 04:48:17,1385,1935,9.362186250190655,0.05724765947259316,failed
2023-04-11 13:32:58,1386,1368,0.5206608652310727,0.051315505823046004,confirmed
2023-04-11 22:17:39,1112,1747,5.4134220566754045,0.029419533438491352,confirmed
2023-04-12 07:02:20,1612,1594,7.090896133989714,0.09318219657133836,confirmed
2023-04-12 15:47:01,1624,1553,8.70982026833711,0.03976180261959545,confirmed
2023-04-13 00:31:42,1951,1424,7.141155234392146,0.008800567402897572,confirmed
2023-04-13 09:16:23,1080,1612,8.017479102614848,0.06174494496016835,pending
2023-04-13 18:01:04,1698,1517,3.395162475235518,0.01147245550831248,confirmed
2023-04-14 02:45:45,1112,1691,8.148436312351375,0.03458779196588904,confirmed
2023-04-14 11:30:27,1001,1281,0.8020683490003668,0.05079045267790911,confirmed
2023-04-14 20:15:08,1641,1319,8.948271743949215,0.08743483021604907,confirmed
2023-04-15 04:59:49,1219,1737,5.47637616916121,0.04940530337597786,confirmed
2023-04-15 13:44:30,1565,1442,8.173160401854975,0.07025565072656327,pending
2023-04-15 22:29:11,1854,1951,4.5237305268984835,0.09928240221600713,confirmed
2023-04-16 07:13:52,1996,1314,6.436133374270054,0.013235763077808363,confirmed
2023-04-16 15:58:33,1735,1876,5.2645002067001965,0.0275456793994,confirmed
2023-04-17 00:43:14,1224,1965,7.316163628031564,0.03951814995220488,pending
2023-04-17 09:27:55,1384,1740,0.8172181903238652,0.042240635036029255,confirmed
2023-04-17 18:12:36,1402,1376,0.6044604878216474,0.04116100541902803,confirmed
2023-04-18 02:57:17,1637,1288,2.471785236867454,0.09077033915539984,confirmed
2023-04-18 11:41:58,1129,1436,1.5962872564517703,0.07143186118223896,pending
2023-04-18 20:26:40,1052,1661,8.717963882355425,0.06082973088766131,confirmed
2023-04-19 05:11:21,1683,1276,2.192920659593085,0.03100633451449193,confirmed
2023-04-19 13:56:02,1729,1709,9.758676692935493,0.08239665938370734,confirmed
2023-04-19 22:40:43,1671,1581,3.3696210219192975,0.0955105450973504,confirmed
2023-04-20 07:25:24,1709,1502,1.821997038971304,0.08213770842676764,confirmed
2023-04-20 16:10:05,1415,1623,7.89719537291765,0.00025635400862814315,confirmed
2023-04-21 00:54:46,1246,1515,6.5874190472332605,0.06367649688132236,pending
2023-04-21 09:39:27,1835,1349,4.982458968814937,0.005208424606065863,confirmed
2023-04-21 18:24:08,1438,1842,5.554080145825376,0.025834961311338812,confirmed
2023-04-22 03:08:49,1202,1445,7.1922985809443665,0.006046517564742392,confirmed
2023-04-22 11:53:30,1183,1829,2.285318958571656,0.06041916574964384,pending
2023-04-22 20:38:11,1122,1349,9.963342826651363,0.06869033235791143,pending
2023-04-23 05:22:52,1400,1606,9.747956828305684,0.011537315042783922,confirmed
2023-04-23 14:07:34,1766,1663,6.503606537783023,0.03844550441619345,confirmed
2023-04-23 22:52:15,1293,1822,1.996224966840522,0.04567802724465865,confirmed
2023-04-24 07:36:56,1279,1136,6.802602196070483,0.03696839687391557,confirmed
2023-04-24 16:21:37,1836,1758,0.7229118913827793,0.012190397548470785,confirmed
2023-04-25 01:06:18,1883,1898,0.30749436955585485,0.041952884239728795,confirmed
2023-04-25 09:50:59,1609,1242,2.5775712022236257,0.07514268697606098,confirmed
2023-04-25 18:35:40,1197,1542,4.626766944436424,0.0071936656868722216,confirmed
2023-04-26 03:20:21,1981,1039,8.682856781578396,0.008109983406782154,confirmed
2023-04-26 12:05:02,1906,1228,7.271963528593314,0.03554165205441483,pending
2023-04-26 20:49:43,1510,1547,7.427322505478611,0.09417839859073061,confirmed
2023-04-27 05:34:24,1751,1919,4.255507851146306,0.06689040740761912,confirmed
2023-04-27 14:19:05,1143,1222,3.460003990477082,0.06789912867158923,confirmed
2023-04-27 23:03:47,1608,1005,3.7110165910830424,0.03625580708470271,confirmed
2023-04-28 07:48:28,1200,1321,9.876507987796842,0.05940671304173299,confirmed
2023-04-28 16:33:09,1123,1467,0.40205180493341236,0.0011121052843715636,confirmed
2023-04-29 01:17:50,1186,1731,8.670447929728363,0.06364599503631327,confirmed
2023-04-29 10:02:31,1325,1074,5.7871754103153625,0.09133736606286605,confirmed
2023-04-29 18:47:12,1463,1003,4.386715576476716,0.06129608948764744,confirmed
2023-04-30 03:31:53,1348,1846,7.25285134649095,0.08738248948728787,confirmed
2023-04-30 12:16:34,1770,1645,4.867202745305605,0.07242490824106278,pending
2023-04-30 21:01:15,1659,1117,8.734358957578523,0.012143785798728655,pending
2023-05-01 05:45:56,1763,1880,9.007117938248573,0.0902550853978556,confirmed
2023-05-01 14:30:37,1954,1605,4.217787547807681,0.006737740051141911,confirmed
2023-05-01 23:15:18,1931,1503,2.7690011445532807,0.05344335050752161,confirmed
2023-05-02 08:00:00,1402,1997,5.923910935605029,0.01429949866696642,confirmed
2023-05-02 16:44:41,1345,1946,9.123721092821294,0.0012694904120173162,confirmed
2023-05-03 01:29:22,1962,1573,2.10741122786766,0.04226122258675114,confirmed
2023-05-03 10:14:03,1510,1440,6.230042869051265,0.02957456669465021,confirmed
2023-05-03 18:58:44,1146,1193,6.315970640705114,0.04865144933038055,confirmed
2023-05-04 03:43:25,1147,1846,7.3313971111303955,0.05776226868478163,confirmed
2023-05-04 12:28:06,1863,1714,1.3165452835874707,0.004469533323663842,confirmed
2023-05-04 21:12:47,1710,1391,7.158533821856205,0.012388029182862189,confirmed
2023-05-05 05:57:28,1819,1025,9.090416174135743,0.0559083754053975,confirmed
2023-05-05 14:42:09,1488,1434,1.7976514055935495,0.034382418581948564,pending
2023-05-05 23:26:50,1928,1172,2.3761957059138528,0.07294443140618986,confirmed
2023-05-06 08:11:31,1935,1299,9.713979545322355,0.06526393569433478,confirmed
2023-05-06 16:56:12,1639,1644,1.8105885501421881,0.08457587586269169,confirmed
2023-05-07 01:40:54,1550,1325,8.543996548602422,0.06928003338425562,confirmed
2023-05-07 10:25:35,1337,1409,4.923286286623901,0.0430501146312758,confirmed
2023-05-07 19:10:16,1871,1117,2.4730635129573675,0.0673293655772038,confirmed
2023-05-08 03:54:57,1640,1835,8.70762826282384,0.02761057930811631,confirmed
2023-05-08 12:39:38,1778,1786,4.453607244771653,0.030700718527943448,confirmed
2023-05-08 21:24:19,1987,1723,5.148658721942973,0.07891961747608726,pending
2023-05-09 06:09:00,1952,1224,3.592974460628257,0.044697309688518067,pending
2023-05-09 14:53:41,1472,1531,5.92991556349784,0.07985819601778342,confirmed
2023-05-09 23:38:22,1945,1112,1.6360752019776426,0.08225999512946101,confirmed
2023-05-10 08:23:03,1150,1139,3.9114242849809555,0.08577047753236225,confirmed
2023-05-10 17:07:44,1414,1558,9.69415381103054,0.09167186006053661,pending
2023-05-11 01:52:25,1989,1000,2.5820761935785743,0.0431554235292783,confirmed
2023-05-11 10:37:07,1297,1089,6.567709908748381,0.031954795150281774,pending
2023-05-11 19:21:48,1610,1653,3.252575452182724,0.05826165478475198,confirmed
2023-05-12 04:06:29,1262,1319,7.73495778374032,0.037180125101419,confirmed
2023-05-12 12:51:10,1763,1549,1.30960573352278,0.060147309263343274,confirmed
2023-05-12 21:35:51,1143,1804,9.698240629740368,0.07058802767811809,pending
2023-05-13 06:20:32,1345,1893,4.538441624295009,0.06887166134736447,confirmed
2023-05-13 15:05:13,1623,1138,2.361268583001293,0.03751783341331013,confirmed
2023-05-13 23:49:54,1571,1510,0.7358939765527966,0.016769334149705408,confirmed
2023-05-14 08:34:35,1880,1867,1.6984092929703198,0.04310988091237453,confirmed
2023-05-14 17:19:16,1001,1844,5.198219711611621,0.014345154993782682,confirmed
2023-05-15 02:03:57,1896,1258,3.370694761136432,0.08902069381486245,confirmed
2023-05-15 10:48:38,1303,1672,8.289004775460212,0.03465315832771196,failed
2023-05-15 19:33:20,1253,1901,4.309444349094398,0.015530528747610045,confirmed
2023-05-16 04:18:01,1651,1689,2.4878940116037116,0.0026422312145845126,confirmed
2023-05-16 13:02:42,1452,1009,6.171832721053697,0.06461765639001978,confirmed
2023-05-16 21:47:23,1036,1260,7.068065391637574,0.06372654151372885,confirmed
2023-05-17 06:32:04,1159,1918,1.6712520371015975,0.03412635624147104,pending
2023-05-17 15:16:45,1008,1649,1.6770245436668882,0.007264017695880336,pending
2023-05-18 00:01:26,1232,1171,0.3676775979084962,0.04102192660003368,failed
2023-05-18 08:46:07,1098,1897,7.36428374864134,0.03119062775683302,confirmed
2023-05-18 17:30:48,1658,1012,6.63838147169043,0.06774435190952743,confirmed
2023-05-19 02:15:29,1815,1167,4.74683412662239,0.06061734702032377,confirmed
2023-05-19 11:00:10,1207,1641,8.441860319243002,0.03652291344693425,confirmed
2023-05-19 19:44:51,1130,1595,8.056895859347582,0.02186746617007351,failed
2023-05-20 04:29:32,1403,1320,5.853958289603125,0.09880479301894363,confirmed
2023-05-20 13:14:14,1151,1318,8.682844533852073,0.04545476195749188,pending
2023-05-20 21:58:55,1053,1612,2.0592062591576457,0.06885859615444569,confirmed
2023-05-21 06:43:36,1119,1328,1.120084274357881,0.014141241461078242,pending
2023-05-21 15:28:17,1672,1784,2.698226365558379,0.048610410995973845,pending
2023-05-22 00:12:58,1919,1776,0.5718114740370592,0.002850918314959602,confirmed
2023-05-22 08:57:39,1627,1970,5.312164110482319,0.05059496627925395,confirmed
2023-05-22 17:42:20,1586,1910,9.36612031725732,0.09640533897105846,confirmed
2023-05-23 02:27:01,1624,1919,0.394396063144428,0.038482250627281445,confirmed
2023-05-23 11:11:42,1967,1549,1.221977030186258,0.003995701656233668,confirmed
2023-05-23 19:56:23,1419,1418,4.52253808380607,0.0031924835128424186,confirmed
2023-05-24 04:41:04,1421,1605,9.338816300261522,0.03885987731869227,pending
2023-05-24 13:25:45,1103,1094,3.1622448936625283,0.016086491152673084,confirmed
2023-05-24 22:10:27,1851,1816,5.072840852075236,0.0024328744231857727,confirmed
2023-05-25 06:55:08,1253,1580,0.4166870176448706,0.07564574003362268,confirmed
2023-05-25 15:39:49,1226,1317,1.4842836664199266,0.045906448587300884,pending
2023-05-26 00:24:30,1111,1955,9.86631459946551,0.028995552720068186,confirmed
2023-05-26 09:09:11,1509,1235,9.651221845664018,0.09001830998334642,confirmed
2023-05-26 17:53:52,1472,1945,0.05039486936316175,0.011702282124032508,confirmed
2023-05-27 02:38:33,1098,1333,9.518166042446966,0.09559629101263639,confirmed
2023-05-27 11:23:14,1152,1884,6.391560258217189,0.03146527506599755,confirmed
2023-05-27 20:07:55,1860,1375,8.679315026905702,0.08885152686363726,confirmed
2023-05-28 04:52:36,1913,1458,4.547943816482958,0.06033399336029821,confirmed
2023-05-28 13:37:17,1895,1136,5.156444689763924,0.0826880652381746,failed
2023-05-28 22:21:58,1877,1929,4.888976955988945,0.09840291500472538,confirmed
2023-05-29 07:06:40,1337,1587,6.668975711203498,0.0289117032380927,confirmed
2023-05-29 15:51:21,1705,1994,1.3973728963083727,0.09611743499221855,confirmed
2023-05-30 00:36:02,1821,1546,0.30070592513690686,0.0390092413007518,confirmed
2023-05-30 09:20:43,1162,1512,3.079991485970318,0.03861263928321854,confirmed
2023-05-30 18:05:24,1719,1295,7.047102946603731,0.034104671715025126,confirmed
2023-05-31 02:50:05,1956,1319,2.019332667777361,0.05418661997402376,confirmed
2023-05-31 11:34:46,1680,1917,6.734650900815849,0.015499089813530861,confirmed
2023-05-31 20:19:27,1995,1571,9.699150549026598,0.05541577738726532,confirmed
2023-06-01 05:04:08,1160,1831,0.9399132571783945,0.054216310759759405,confirmed
2023-06-01 13:48:49,1579,1348,6.726348580133038,0.07621399107922652,confirmed
2023-06-01 22:33:30,1800,1839,4.438058442826407,0.0833816311975648,failed
2023-06-02 07:18:11,1397,1778,8.681554401520676,0.04410009089621116,failed
2023-06-02 16:02:52,1276,1872,1.7723207446844116,0.030303091610214227,confirmed
2023-06-03 00:47:34,1815,1228,6.92656689630942,0.026007556241977738,confirmed
2023-06-03 09:32:15,1915,1269,8.381314781191454,0.019542921286816707,confirmed
2023-06-03 18:16:56,1503,1827,9.446197580520758,0.005858993461682586,confirmed
2023-06-04 03:01:37,1895,1797,6.832797034868169,0.034310553085587864,pending
2023-06-04 11:46:18,1391,1290,4.972250465320265,0.027097744443865247,confirmed
2023-06-04 20:30:59,1134,1724,6.178854554771938,0.0966450968480541,confirmed
2023-06-05 05:15:40,1194,1164,8.689180939802704,0.055815111742379395,confirmed
2023-06-05 14:00:21,1400,1004,5.706526856641658,0.03479297619914771,confirmed
2023-06-05 22:45:02,1639,1850,0.3048402099086718,0.05808871333927023,confirmed
2023-06-06 07:29:43,1032,1378,9.30955600637427,0.014005750464434981,pending
2023-06-06 16:14:24,1687,1077,6.89557798356458,0.04445997054530008,confirmed
2023-06-07 00:59:05,1459,1409,6.7654573443866886,0.06266080870996428,confirmed
2023-06-07 09:43:47,1954,1573,2.1575358488247742,0.048940893396065895,confirmed
2023-06-07 18:28:28,1882,1131,6.58919581685634,0.040237702185367,confirmed
2023-06-08 03:13:09,1469,1600,3.9392501921359306,0.09938545405107985,confirmed
2023-06-08 11:57:50,1374,1748,6.51267853743788,0.08804344473867781,pending
2023-06-08 20:42:31,1021,1041,1.0668237100495992,0.06237825522012807,confirmed
2023-06-09 05:27:12,1749,1088,6.578795200725758,0.05698079838211005,confirmed
2023-06-09 14:11:53,1669,1401,9.994137843980894,0.06210398193447595,pending
2023-06-09 22:56:34,1037,1295,0.48307217656669976,0.020211079571461083,confirmed
2023-06-10 07:41:15,1229,1839,9.771764668028952,0.03957426055210543,confirmed
2023-06-10 16:25:56,1364,1294,4.069672699267984,0.004042007335800842,confirmed
2023-06-11 01:10:37,1562,1615,8.707663749922254,0.04760704914493399,confirmed
2023-06-11 09:55:18,1437,1525,7.824072455098677,0.05434815593737056,pending
2023-06-11 18:40:00,1775,1799,5.670595593605692,0.022852198636710636,pending
2023-06-12 03:24:41,1282,1690,7.384753643304014,0.09640648183183483,confirmed
2023-06-12 12:09:22,1026,1636,8.785277097452177,0.09095451563263048,confirmed
2023-06-12 20:54:03,1225,1421,4.041999076188679,0.072242109222045,confirmed
2023-06-13 05:38:44,1276,1864,3.2710045824708236,0.05338532421365973,confirmed
2023-06-13 14:23:25,1797,1022,6.676266262250285,0.08700991904880373,confirmed
2023-06-13 23:08:06,1608,1574,8.078651573470644,0.013152169147963945,failed
2023-06-14 07:52:47,1283,1142,7.623089062631381,0.07907192844806102,confirmed
2023-06-14 16:37:28,1878,1992,7.978338674937487,0.012569599315288145,confirmed
2023-06-15 01:22:09,1959,1664,4.356397564814517,0.0794416451886856,confirmed
2023-06-15 10:06:50,1480,1144,8.17852432753404,0.02764918006831056,pending
2023-06-15 18:51:31,1452,1224,1.2029703446507138,0.08772134904371708,confirmed
2023-06-16 03:36:12,1828,1502,5.445346490510535,0.09440980517315725,confirmed
2023-06-16 12:20:54,1815,1961,0.05858084632071759,0.014964717343571052,confirmed
2023-06-16 21:05:35,1658,1973,3.246533713172803,0.046321292946032815,confirmed
2023-06-17 05:50:16,1515,1820,3.6652488871791076,0.09810063907845225,confirmed
2023-06-17 14:34:57,1546,1615,3.962330743400945,0.04839240285371735,confirmed
2023-06-17 23:19:38,1191,1103,6.954976599691933,0.08636839749920307,pending
2023-06-18 08:04:19,1048,1946,3.8861924546021873,0.05891427906091886,pending
2023-06-18 16:49:00,1511,1038,4.487487532602684,0.03759545780116823,confirmed
2023-06-19 01:33:41,1016,1946,2.3762037646124003,0.028649777197034435,pending
2023-06-19 10:18:22,1171,1197,3.7331446645017716,0.02040198679950012,confirmed
2023-06-19 19:03:03,1219,1645,2.2734690030042515,0.07620363931863196,confirmed
2023-06-20 03:47:44,1157,1578,0.732886041760668,0.03871539663162049,confirmed
2023-06-20 12:32:25,1476,1390,6.034882485220399,0.05117641867385504,confirmed
2023-06-20 21:17:07,1045,1178,6.682459772751608,0.04928331545211808,confirmed
2023-06-21 06:01:48,1372,1967,6.195283969750136,0.057770175020389815,confirmed
2023-06-21 14:46:29,1517,1553,4.6354769439619234,0.08657115684789278,confirmed
2023-06-21 23:31:10,1098,1447,3.798478016012119,0.0980758604239846,pending
2023-06-22 08:15:51,1891,1499,8.63347316206868,0.040817662436524314,confirmed
2023-06-22 17:00:32,1744,1014,5.191298769577045,0.08276914031841968,confirmed
2023-06-23 01:45:13,1036,1622,4.792339594419681,0.0764763266860063,confirmed
2023-06-23 10:29:54,1279,1668,0.25739501599855047,0.057395542250411775,failed
2023-06-23 19:14:35,1348,1288,3.4131370284339373,0.09560910964683213,pending
2023-06-24 03:59:16,1496,1477,3.802575992239785,0.02012740410128744,confirmed
2023-06-24 12:43:57,1301,1230,3.988828986188108,0.01101549460993118,confirmed
2023-06-24 21:28:38,1180,1922,5.802143519904096,0.08541080049884668,failed
2023-06-25 06:13:20,1606,1419,5.336491864722058,0.04397106668171146,confirmed
2023-06-25 14:58:01,1098,1156,6.079443022841653,0.08471218853528535,confirmed
2023-06-25 23:42:42,1699,1549,7.649067732159741,0.08931971149902196,pending
2023-06-26 08:27:23,1992,1440,8.130044401422218,0.006339513602545237,confirmed
2023-06-26 17:12:04,1115,1096,7.1815126391887185,0.08835812982230747,pending
2023-06-27 01:56:45,1190,1996,9.555281435853392,0.04488707363140528,failed
2023-06-27 10:41:26,1252,1410,0.18330759418093995,0.0510922056515228,confirmed
2023-06-27 19:26:07,1980,1950,1.9585840788497775,0.0626965918582117,confirmed
2023-06-28 04:10:48,1927,1288,0.07662118690644307,0.09264562241233568,confirmed
2023-06-28 12:55:29,1982,1253,6.475099666831876,0.0020096978335334267,pending
2023-06-28 21:40:10,1160,1195,8.98040745895092,0.047736662484949934,confirmed
2023-06-29 06:24:51,1255,1597,2.4355794834664164,0.06880343203881302,pending
2023-06-29 15:09:32,1322,1833,9.27041841341827,0.07229842507405303,confirmed
2023-06-29 23:54:14,1127,1521,0.603613635505319,0.06928398991055709,confirmed
2023-06-30 08:38:55,1017,1516,9.344425832028337,0.013530069427871372,confirmed
2023-06-30 17:23:36,1792,1634,3.5168752497091047,0.030009619278330957,confirmed
2023-07-01 02:08:17,1734,1841,1.015106863663716,0.03593568098915965,pending
2023-07-01 10:52:58,1565,1864,4.859231720104071,0.08046327704718255,pending
2023-07-01 19:37:39,1569,1117,2.568508900637359,0.027948111254213846,pending
2023-07-02 04:22:20,1322,1805,2.8494441467172664,0.021149425890333595,failed
2023-07-02 13:07:01,1871,1908,3.0735923592979395,0.09574905710190582,confirmed
2023-07-02 21:51:42,1685,1158,8.0304559524288,0.0009854421828355431,failed
2023-07-03 06:36:23,1791,1814,5.39207360547587,0.09978230348262963,confirmed
2023-07-03 15:21:04,1625,1227,3.1137656838608807,0.06771444775585382,confirmed
2023-07-04 00:05:45,1287,1876,6.103727499325873,0.0828640830149668,confirmed
2023-07-04 08:50:27,1942,1215,7.161790591557713,0.029532477694984696,confirmed
2023-07-04 17:35:08,1853,1947,2.726967383334604,0.0015300962389392919,confirmed
2023-07-05 02:19:49,1662,1695,4.13607746615199,0.07381316490429686,confirmed
2023-07-05 11:04:30,1961,1014,1.2197390472761385,0.08343104524036751,pending
2023-07-05 19:49:11,1638,1156,1.8123123459972685,0.07407356558215657,confirmed
2023-07-06 04:33:52,1154,1647,6.811497421795864,0.014370743701353775,confirmed
2023-07-06 13:18:33,1489,1260,1.8152020386085739,0.07536744943347122,confirmed
2023-07-06 22:03:14,1385,1156,5.252108673286935,0.07691538593255334,pending
2023-07-07 06:47:55,1985,1046,7.0907535709626055,0.06588819751543849,confirmed
2023-07-07 15:32:36,1784,1323,1.0696623540243435,0.07663498168627907,confirmed
2023-07-08 00:17:17,1103,1843,5.673554884069407,0.08460755182380544,pending
2023-07-08 09:01:58,1928,1684,2.5663712742299363,0.0613990510123221,confirmed
2023-07-08 17:46:40,1392,1129,9.62930582550056,0.008951610925570938,confirmed
2023-07-09 02:31:21,1810,1410,4.835972921552528,0.04881401818575437,pending
2023-07-09 11:16:02,1245,1094,8.060119505201806,0.007857168533693346,pending
2023-07-09 20:00:43,1175,1626,5.502715195020462,0.04081354880013984,confirmed
2023-07-10 04:45:24,1038,1754,0.43508191601533686,0.040769938263650204,confirmed
2023-07-10 13:30:05,1476,1931,6.33188060456463,0.006694383429610135,confirmed
2023-07-10 22:14:46,1681,1291,9.514082018724363,0.034947171343550985,confirmed
2023-07-11 06:59:27,1758,1793,6.0165165896431665,0.011188710069252351,pending
2023-07-11 15:44:08,1537,1810,8.192069405408475,0.0808426974799213,confirmed
2023-07-12 00:28:49,1866,1282,8.842180427020729,0.09477403379385063,confirmed
2023-07-12 09:13:30,1817,1068,2.2815696397173757,0.0073244158782680676,pending
2023-07-12 17:58:11,1920,1659,2.1212363542423582,0.09551600920844097,confirmed
2023-07-13 02:42:52,1407,1010,6.110198907521067,0.05230540227374084,confirmed
2023-07-13 11:27:34,1524,1253,4.1108736695972405,0.030026611227592002,confirmed
2023-07-13 20:12:15,1827,1841,8.398773167364336,0.007778521320088735,pending
2023-07-14 04:56:56,1505,1871,9.000331210856714,0.050112364380234746,confirmed
2023-07-14 13:41:37,1902,1549,3.5348603716478784,0.07947210289462579,confirmed
2023-07-14 22:26:18,1824,1133,2.3694687191858463,0.07073793907894316,confirmed
2023-07-15 07:10:59,1035,1711,7.805474626923375,0.005117578545250979,pending
2023-07-15 15:55:40,1684,1022,2.7487855494458127,0.007382893353253562,confirmed
2023-07-16 00:40:21,1019,1814,8.22632057081827,0.04034704093500045,confirmed
2023-07-16 09:25:02,1320,1345,4.23795879823398,0.029599520355389534,confirmed
2023-07-16 18:09:43,1775,1301,6.675831443015414,0.023315193873299177,confirmed
2023-07-17 02:54:24,1511,1362,0.9562576030328471,0.028172349440980488,confirmed
2023-07-17 11:39:05,1399,1395,6.238969387441054,0.08036792605535878,confirmed
2023-07-17 20:23:47,1653,1217,4.5182250196935545,0.09292988255782221,confirmed
2023-07-18 05:08:28,1971,1140,5.866498023291566,0.04056975918330389,confirmed
2023-07-18 13:53:09,1882,1615,1.6809740632408894,0.09062048911303647,confirmed
2023-07-18 22:37:50,1470,1957,7.3690005756968775,0.03221742055466341,confirmed
2023-07-19 07:22:31,1142,1209,8.628107978354743,0.04769605493574479,failed
2023-07-19 16:07:12,1091,1984,2.168181261107666,0.02268029688181837,confirmed
2023-07-20 00:51:53,1353,1992,0.9580498406460971,0.06408355661336682,confirmed
2023-07-20 09:36:34,1833,1622,0.23736222187731765,0.09790021340596342,pending
2023-07-20 18:21:15,1799,1615,6.420073032932217,0.06038896029473353,confirmed
2023-07-21 03:05:56,1726,1827,6.0713332668517195,0.03584562700294354,confirmed
2023-07-21 11:50:37,1958,1682,5.467427429727986,0.06481696285445379,confirmed
2023-07-21 20:35:18,1853,1459,2.320239014063638,0.012379775778692217,confirmed
2023-07-22 05:20:00,1050,1355,3.9096690530592415,0.08887704211851333,confirmed
2023-07-22 14:04:41,1664,1323,5.945168875526545,0.05035808668290566,confirmed
2023-07-22 22:49:22,1697,1132,4.9681718217328354,0.04499003922976025,confirmed
2023-07-23 07:34:03,1574,1887,9.877867416628659,0.05862789236650657,confirmed
2023-07-23 16:18:44,1189,1804,1.3652610858147745,0.0625159078926613,confirmed
2023-07-24 01:03:25,1124,1839,6.951750395921891,0.007270403042028652,confirmed
2023-07-24 09:48:06,1149,1126,4.043783362274818,0.0682934604002179,confirmed
2023-07-24 18:32:47,1313,1105,4.282567949641223,0.024268974863521406,pending
2023-07-25 03:17:28,1569,1603,7.176260058816105,0.07142386798740832,pending
2023-07-25 12:02:09,1341,1798,6.924669077092373,0.08227122595898126,failed
2023-07-25 20:46:50,1304,1377,9.912568681028182,0.08041545490449678,pending
2023-07-26 05:31:31,1691,1904,1.284814500251798,0.05529484664404813,confirmed
2023-07-26 14:16:12,1681,1050,1.0419923841922791,0.052064972241844046,confirmed
2023-07-26 23:00:54,1837,1028,7.243663832470284,0.01437330853780723,confirmed
2023-07-27 07:45:35,1782,1461,5.784290783147085,0.07755708042527325,confirmed
2023-07-27 16:30:16,1053,1295,2.742332504931499,0.027213797106626764,confirmed
2023-07-28 01:14:57,1443,1296,0.7951142705208771,0.049719872739512866,confirmed
2023-07-28 09:59:38,1612,1725,0.857496837714709,0.02849898188345892,confirmed
2023-07-28 18:44:19,1992,1778,8.94201455576652,0.013469453463669345,confirmed
2023-07-29 03:29:00,1263,1406,1.9194813798627104,0.06299281391948448,pending
2023-07-29 12:13:41,1052,1768,3.234392249593092,0.005527770278808093,confirmed
2023-07-29 20:58:22,1571,1813,2.267337365867653,0.07488965888920739,pending
2023-07-30 05:43:03,1619,1612,3.5506080620135414,0.03182692084658556,confirmed
2023-07-30 14:27:44,1004,1404,0.6951690036181876,0.00011345583114808348,confirmed
2023-07-30 23:12:25,1102,1345,5.191078849291796,0.05116180100979926,pending
2023-07-31 07:57:07,1195,1621,0.6770580233585568,0.004780505661907552,confirmed
2023-07-31 16:41:48,1773,1419,8.003764721715793,0.027689338826307856,confirmed
2023-08-01 01:26:29,1876,1181,2.3378871070224196,0.07072695109682606,confirmed
2023-08-01 10:11:10,1991,1982,5.400579134130502,0.006362693200024401,failed
2023-08-01 18:55:51,1883,1824,8.80091079652702,0.08394991538636463,confirmed
2023-08-02 03:40:32,1349,1000,6.509122813102895,0.0004816102735924525,pending
2023-08-02 12:25:13,1046,1830,5.330044907726802,0.024757704533270034,confirmed
2023-08-02 21:09:54,1866,1949,3.2440131974006405,0.07411631520959194,confirmed
2023-08-03 05:54:35,1822,1566,3.3306861286689213,0.03169538795795775,confirmed
2023-08-03 14:39:16,1935,1370,6.695200065026704,0.01027904956779475,pending
2023-08-03 23:23:57,1819,1935,9.941399472850454,0.03608736848816275,confirmed
2023-08-04 08:08:38,1655,1910,6.618730059303937,0.0271122893098141,confirmed
2023-08-04 16:53:20,1268,1660,5.57827639028288,0.08428691902583944,confirmed
2023-08-05 01:38:01,1369,1430,7.306774451882222,0.031403456966755804,pending
2023-08-05 10:22:42,1635,1968,4.652590917224899,0.07891435393042312,confirmed
2023-08-05 19:07:23,1105,1308,0.6023632836652514,0.0891980272665924,confirmed
2023-08-06 03:52:04,1669,1136,5.623405861963221,0.043438360215695304,confirmed
2023-08-06 12:36:45,1658,1201,9.576295219769296,0.09100332007105377,confirmed
2023-08-06 21:21:26,1656,1435,1.7538541206342388,0.03779407359092297,confirmed
2023-08-07 06:06:07,1119,1312,6.900358903315837,0.09641143380736181,confirmed
2023-08-07 14:50:48,1830,1116,2.010135952901906,0.009020023500104736,pending
2023-08-07 23:35:29,1786,1665,5.3587410170463405,0.06873322472367395,confirmed
2023-08-08 08:20:10,1603,1936,0.9676678200175496,0.04943202264164718,confirmed
2023-08-08 17:04:51,1057,1802,4.504258991645594,0.038826115665019145,confirmed
2023-08-09 01:49:32,1950,1574,7.561877125623567,0.06330791668698524,confirmed
2023-08-09 10:34:14,1345,1243,3.476367670865582,0.0704153234542697,pending
2023-08-09 19:18:55,1740,1536,6.649452333147694,0.0005358906380658778,confirmed
2023-08-10 04:03:36,1473,1601,7.9547041579365025,0.016778613565845153,confirmed
2023-08-10 12:48:17,1116,1074,9.271851016975047,0.07133330045836844,pending
2023-08-10 21:32:58,1829,1805,2.34718617647268,0.06667190281646283,confirmed
2023-08-11 06:17:39,1790,1385,3.993759842177272,0.09660814576235485,confirmed
2023-08-11 15:02:20,1126,1902,1.5250077172908438,0.07612767524605323,pending
2023-08-11 23:47:01,1392,1209,9.924842538081593,0.09508219350236068,confirmed
2023-08-12 08:31:42,1907,1474,9.27008267827503,0.07028379610332722,confirmed
2023-08-12 17:16:23,1640,1417,5.400031345675316,0.029875415643080373,confirmed
2023-08-13 02:01:04,1057,1346,8.420490910469836,0.010625955732860562,confirmed
2023-08-13 10:45:45,1633,1528,5.21005881474315,0.07820420394815907,confirmed
2023-08-13 19:30:27,1512,1639,6.236233294339595,0.064450507225444,confirmed
2023-08-14 04:15:08,1750,1938,0.8921551967280502,0.0049137826380902935,confirmed
2023-08-14 12:59:49,1801,1954,7.552948934547583,0.03606904154350774,pending
2023-08-14 21:44:30,1095,1875,1.2780071228687129,0.0956843015668802,confirmed
2023-08-15 06:29:11,1637,1762,8.260850234895031,0.050090074456449106,confirmed
2023-08-15 15:13:52,1117,1178,7.8204988486161895,0.0433296406883685,confirmed
2023-08-15 23:58:33,1559,1181,7.087738232732022,0.04582419055541347,failed
2023-08-16 08:43:14,1600,1663,0.3625676448670964,0.020967384128115857,confirmed
2023-08-16 17:27:55,1487,1024,3.031980431097341,0.03693384636939304,confirmed
2023-08-17 02:12:36,1236,1966,2.6318625865385177,0.03704434427311895,confirmed
2023-08-17 10:57:17,1884,1179,3.6020039383077194,0.0053302665167284935,pending
2023-08-17 19:41:58,1896,1709,0.8773398248916217,0.07678000608894003,pending
2023-08-18 04:26:40,1271,1500,9.369641272487597,0.041708792747197514,confirmed
2023-08-18 13:11:21,1188,1855,5.538468604883051,0.08223577069296069,confirmed
2023-08-18 21:56:02,1998,1160,3.0559375822695776,0.08504976531187755,confirmed
2023-08-19 06:40:43,1703,1176,3.97041818922576,0.02127820606439594,confirmed
2023-08-19 15:25:24,1446,1284,4.472578202507853,0.06576961286879585,confirmed
2023-08-20 00:10:05,1580,1062,6.006342739272813,0.04728095223588188,confirmed
2023-08-20 08:54:46,1789,1661,5.157278597537282,0.08802765811835636,confirmed
2023-08-20 17:39:27,1860,1665,9.194000340170959,0.021652493849727766,pending
2023-08-21 02:24:08,1246,1155,4.970137865575397,0.06781353871097343,pending
2023-08-21 11:08:49,1962,1881,9.921587990218303,0.060814437013046986,confirmed
2023-08-21 19:53:30,1075,1468,8.514398152493213,0.029600617609426096,confirmed
2023-08-22 04:38:11,1153,1048,2.0858966330590007,0.013746430274752143,confirmed
2023-08-22 13:22:52,1655,1966,9.306021551224518,0.06519881207167993,pending
2023-08-22 22:07:34,1434,1848,1.1645476124568754,0.07388588606741985,pending
2023-08-23 06:52:15,1996,1083,8.174679635203425,0.031631171641958666,confirmed
2023-08-23 15:36:56,1085,1360,3.8068523114723245,0.06451877714182916,confirmed
2023-08-24 00:21:37,1696,1688,8.77986523013025,0.03957357767038918,pending
2023-08-24 09:06:18,1284,1147,8.680698844384397,0.07134936763993352,confirmed
2023-08-24 17:50:59,1973,1629,8.059448075776094,0.020001605961915907,pending
2023-08-25 02:35:40,1219,1341,7.900514332634308,0.08903247876335382,confirmed
2023-08-25 11:20:21,1068,1475,3.04748671184131,0.028812218686911414,confirmed
2023-08-25 20:05:02,1046,1062,0.8101119112294706,0.03684182017683968,pending
2023-08-26 04:49:43,1093,1700,4.03039880747285,0.0059033860128269436,confirmed
2023-08-26 13:34:24,1749,1359,1.7360716253501003,0.011240070010895511,confirmed
2023-08-26 22:19:05,1957,1560,6.949815937935715,0.051634604080961585,confirmed
2023-08-27 07:03:47,1452,1326,3.461651165651318,0.026832508405124352,confirmed
2023-08-27 15:48:28,1203,1768,9.756126398398289,0.08356447455164523,pending
2023-08-28 00:33:09,1911,1735,6.410079801375976,0.001567869526629889,confirmed
2023-08-28 09:17:50,1217,1140,8.224983155779976,0.03797149546232643,confirmed
2023-08-28 18:02:31,1473,1989,1.3261142027457424,0.033800820122232365,confirmed
2023-08-29 02:47:12,1431,1214,8.620282808243953,0.0020308303286683434,confirmed
2023-08-29 11:31:53,1340,1434,9.22764914794343,0.012524403060150971,confirmed
2023-08-29 20:16:34,1550,1890,4.871132126270541,0.041422903224371664,confirmed
2023-08-30 05:01:15,1611,1951,6.062923124572024,0.04933717198629992,pending
2023-08-30 13:45:56,1288,1722,7.648333199229052,0.040488545750761426,pending
2023-08-30 22:30:37,1253,1317,1.749211433976865,0.05314067407336818,confirmed
2023-08-31 07:15:18,1733,1031,5.026158198557962,0.05955365432307759,confirmed
2023-08-31 16:00:00,1356,1669,3.987231614695359,0.0010913897306707796,confirmed
2023-09-01 00:44:41,1022,1284,1.464593547630329,0.04646310642940504,confirmed
2023-09-01 09:29:22,1761,1304,3.675976688493023,0.09635357416467008,confirmed
2023-09-01 18:14:03,1521,1428,0.6826549215455502,0.051951324784941924,pending
2023-09-02 02:58:44,1757,1476,0.2590932575879204,0.06778647251914943,failed
2023-09-02 11:43:25,1836,1285,1.3525277252590728,0.03125519940589663,confirmed
2023-09-02 20:28:06,1099,1143,9.63118800078015,0.07742173867746098,confirmed
2023-09-03 05:12:47,1801,1423,5.495745829414275,0.0773148560394239,confirmed
2023-09-03 13:57:28,1179,1018,9.658255789371045,0.05217747516064849,confirmed
2023-09-03 22:42:09,1222,1017,4.32554628542299,0.09760378094559344,confirmed
2023-09-04 07:26:50,1905,1768,3.1188495147195106,0.012642466454789072,confirmed
2023-09-04 16:11:31,1761,1589,5.061912486539601,0.0017930717224691414,confirmed
2023-09-05 00:56:12,1658,1370,4.395677374640469,0.07703880535453389,confirmed
2023-09-05 09:40:54,1441,1174,1.0575411779331774,0.08073483818275178,confirmed
2023-09-05 18:25:35,1607,1193,6.408622320587373,0.012108702189145566,confirmed
2023-09-06 03:10:16,1768,1501,2.1611657869134864,0.026631725012564746,confirmed
2023-09-06 11:54:57,1324,1987,6.196259961023399,0.0018534811003262281,confirmed
2023-09-06 20:39:38,1515,1112,6.5023607228891365,0.029401530216978413,failed
2023-09-07 05:24:19,1015,1113,1.5210965064333524,0.07733687320447528,pending
2023-09-07 14:09:00,1791,1221,0.6144349214795709,0.05184425671848664,confirmed
2023-09-07 22:53:41,1335,1677,7.80783509909833,0.03487474975751198,confirmed
2023-09-08 07:38:22,1758,1946,4.598544437269433,0.0372367555611424,confirmed
2023-09-08 16:23:03,1257,1830,0.5825797912592524,0.00023522720897526858,failed
2023-09-09 01:07:44,1496,1643,9.948668305380501,0.030050072703767066,confirmed
2023-09-09 09:52:25,1987,1896,0.57874782940267,0.06468122828962926,confirmed
2023-09-09 18:37:07,1895,1263,6.950657253356674,0.09742202493725408,pending
2023-09-10 03:21:48,1159,1924,9.836805573708872,0.08472137661569157,confirmed
2023-09-10 12:06:29,1474,1054,2.3925618620550404,0.0024571369680883594,confirmed
2023-09-10 20:51:10,1851,1870,1.4233514375032745,0.08986620440701645,confirmed
2023-09-11 05:35:51,1663,1642,1.2147280092848665,0.07834152148853274,confirmed
2023-09-11 14:20:32,1907,1799,3.033448200528388,0.07805957474474094,confirmed
2023-09-11 23:05:13,1689,1777,1.0113570642954561,0.045853776324456794,pending
2023-09-12 07:49:54,1674,1457,6.921921255599625,0.03986072876615484,confirmed
2023-09-12 16:34:35,1379,1978,0.6238556895024969,0.030361281310435945,confirmed
2023-09-13 01:19:16,1544,1877,5.094711859369748,0.006662916409541141,pending
2023-09-13 10:03:57,1928,1161,9.966971841675916,0.02290071281302054,pending
2023-09-13 18:48:38,1956,1379,8.139888724790682,0.02473570313430466,pending
2023-09-14 03:33:20,1690,1992,6.152579162871879,0.04845929926404914,confirmed
2023-09-14 12:18:01,1426,1086,3.06322995424533,0.07476969621900974,pending
2023-09-14 21:02:42,1612,1054,6.239334467080094,0.04743360185695487,failed
2023-09-15 05:47:23,1267,1475,5.270887597652606,0.005878660499771345,confirmed
2023-09-15 14:32:04,1834,1799,4.261407755519825,0.09578320111872157,confirmed
2023-09-15 23:16:45,1576,1177,1.3079730570252546,0.09427815947750182,confirmed
2023-09-16 08:01:26,1416,1390,8.866155548189427,0.078540435360526,confirmed
2023-09-16 16:46:07,1167,1348,4.498396703564405,0.09913365736626564,confirmed
2023-09-17 01:30:48,1841,1007,1.94703049569583,0.05449378504674627,confirmed
2023-09-17 10:15:29,1042,1832,3.678225749422019,0.0962805581902953,confirmed
2023-09-17 19:00:10,1555,1312,4.141883395536742,0.007652943557613403,confirmed
2023-09-18 03:44:51,1284,1758,8.275551417773176,0.036631506751311,confirmed
2023-09-18 12:29:32,1396,1834,7.33641019123346,0.022615588673875905,confirmed
2023-09-18 21:14:14,1011,1983,7.693279631519758,0.019663725105013578,confirmed
2023-09-19 05:58:55,1606,1982,0.1113016130220435,0.01416621459437834,pending
2023-09-19 14:43:36,1301,1442,4.1621238277994355,0.06227912279244307,pending
2023-09-19 23:28:17,1897,1766,4.813960172201601,0.07815405338915578,confirmed
2023-09-20 08:12:58,1252,1327,0.19290357595374383,0.057872010102094036,confirmed
2023-09-20 16:57:39,1498,1053,2.598872274241597,0.014781574687862146,confirmed
2023-09-21 01:42:20,1753,1760,7.603137941398229,0.08113126461635375,confirmed
2023-09-21 10:27:01,1034,1238,1.3719599475842614,0.06363187524565649,confirmed
2023-09-21 19:11:42,1726,1228,5.353566004394464,0.038877754042086855,confirmed
2023-09-22 03:56:23,1848,1578,2.1528035183003578,0.06744561652405269,confirmed
2023-09-22 12:41:04,1089,1050,0.12219562566428885,0.026064507426359,confirmed
2023-09-22 21:25:45,1775,1608,2.4127733745378155,0.034584701628571635,confirmed
2023-09-23 06:10:27,1604,1603,9.758761675345628,0.09175683572888582,confirmed
2023-09-23 14:55:08,1921,1263,8.015569581718013,0.029121400116574898,pending
2023-09-23 23:39:49,1969,1417,9.595806866566013,0.04705182798897787,pending
2023-09-24 08:24:30,1601,1802,4.879052585219699,0.08902509962586187,confirmed
2023-09-24 17:09:11,1417,1095,1.0982522505763574,0.070801362891726,confirmed
2023-09-25 01:53:52,1114,1087,5.480046930247957,0.006314102293853805,confirmed
2023-09-25 10:38:33,1616,1077,4.544318968265049,0.014815574123469137,pending
2023-09-25 19:23:14,1902,1287,8.44372647031342,0.0008833749181144902,confirmed
2023-09-26 04:07:55,1195,1119,0.9817277252616617,0.06312908684389343,confirmed
2023-09-26 12:52:36,1825,1813,4.88292312908076,0.044822575198500796,confirmed
2023-09-26 21:37:17,1500,1490,1.5013365982751485,0.013514057605137325,confirmed
2023-09-27 06:21:58,1625,1911,3.24743459297371,0.09579761869357137,confirmed
2023-09-27 15:06:40,1492,1451,7.373833416800609,0.053013006422167434,confirmed
2023-09-27 23:51:21,1074,1499,4.760705275558297,0.02426514008187763,confirmed
2023-09-28 08:36:02,1412,1164,3.7595069631725475,0.05011029675835529,pending
2023-09-28 17:20:43,1375,1181,3.945368309421783,0.06799407124023728,pending
2023-09-29 02:05:24,1419,1468,4.595008237291461,0.007716297875559092,confirmed
2023-09-29 10:50:05,1728,1909,7.850380421826732,0.02754291112328441,confirmed
2023-09-29 19:34:46,1276,1734,8.920954804713404,0.08071585253931096,confirmed
2023-09-30 04:19:27,1760,1822,9.553391530352778,0.04602052055322586,confirmed
2023-09-30 13:04:08,1675,1943,7.869246959166697,0.054703056489026264,confirmed
2023-09-30 21:48:49,1393,1977,3.1547535505843793,0.043338318620725985,confirmed
2023-10-01 06:33:30,1868,1006,6.881658926159336,0.004485604270036212,confirmed
2023-10-01 15:18:11,1456,1329,4.376593637429864,0.016658403004033578,confirmed
2023-10-02 00:02:52,1919,1774,2.5474515498384656,0.044609609710314906,confirmed
2023-10-02 08:47:34,1191,1672,8.4088749226798,0.020997627994251988,confirmed
2023-10-02 17:32:15,1738,1150,0.3852250632742877,0.005092904963101906,confirmed
2023-10-03 02:16:56,1688,1084,9.017718159362099,0.0843806014387772,confirmed
2023-10-03 11:01:37,1098,1146,4.615313168782717,0.09812113366349517,pending
2023-10-03 19:46:18,1547,1623,6.372377566605997,0.07933497311227428,confirmed
2023-10-04 04:30:59,1977,1380,6.593879868135622,0.08539311367829625,confirmed
2023-10-04 13:15:40,1998,1914,8.951282289324658,0.024273515318672834,pending
2023-10-04 22:00:21,1095,1547,6.367060151989906,0.09606663485376866,confirmed
2023-10-05 06:45:02,1663,1284,6.139721914015858,0.019772877874897496,confirmed
2023-10-05 15:29:43,1662,1699,0.667453753566339,0.09514783805514705,pending
2023-10-06 00:14:24,1189,1081,5.184561811430096,0.09948244746719852,failed
2023-10-06 08:59:05,1735,1513,1.5025398391695994,0.07120110829403027,confirmed
2023-10-06 17:43:47,1036,1896,7.374600253446135,0.09811625880600301,pending
2023-10-07 02:28:28,1779,1814,5.122706986205933,0.05699702397875366,confirmed
2023-10-07 11:13:09,1368,1708,6.8025975643043255,0.026028224139291425,confirmed
2023-10-07 19:57:50,1694,1915,0.4176873331232403,0.04375588897799553,pending
2023-10-08 04:42:31,1524,1522,0.8488353684419865,0.05939673744434072,confirmed
2023-10-08 13:27:12,1278,1745,7.163517557238761,0.007400848046498798,confirmed
2023-10-08 22:11:53,1216,1385,0.7217712756507351,0.06227209213526289,pending
2023-10-09 06:56:34,1866,1706,0.7134960209248208,0.09811966589255323,pending
2023-10-09 15:41:15,1872,1470,0.12207264387363963,0.01909175421339439,confirmed
2023-10-10 00:25:56,1797,1118,9.5650574815965,0.0792802521172095,confirmed
2023-10-10 09:10:37,1272,1395,7.3753460862306115,0.09079908949858398,confirmed
2023-10-10 17:55:18,1880,1531,3.5331608336121394,0.09437578912274007,confirmed
2023-10-11 02:40:00,1061,1260,2.9660592772952645,0.09601754688010418,failed
2023-10-11 11:24:41,1595,1804,3.49768259422875,0.05219381790827505,confirmed
2023-10-11 20:09:22,1879,1933,7.746760658280638,0.09773306000835122,failed
2023-10-12 04:54:03,1728,1255,6.614044740093075,0.07575528969273045,confirmed
2023-10-12 13:38:44,1341,1733,1.852770483106812,0.016250976480072492,confirmed
2023-10-12 22:23:25,1396,1904,1.7419192440055093,0.04774232063615021,pending
2023-10-13 07:08:06,1698,1225,0.9848581014842598,0.0718612844196632,pending
2023-10-13 15:52:47,1018,1052,6.60336689429368,0.024809297550326424,confirmed
2023-10-14 00:37:28,1176,1939,7.6439622495551385,0.06409745683653385,confirmed
2023-10-14 09:22:09,1611,1866,2.651199236821715,0.06669338785675727,confirmed
2023-10-14 18:06:50,1395,1499,0.21042866534809723,0.01635370440647573,confirmed
2023-10-15 02:51:31,1444,1505,0.8226345030967971,0.056552022714030356,confirmed
2023-10-15 11:36:12,1232,1853,9.67863248841546,0.07718552840676292,confirmed
2023-10-15 20:20:54,1914,1363,2.955152329996725,0.0499396768871406,confirmed
2023-10-16 05:05:35,1075,1279,7.692462255233499,0.001309101365933132,confirmed
2023-10-16 13:50:16,1264,1592,6.2470110249737845,0.0010029430610212886,confirmed
2023-10-16 22:34:57,1454,1713,3.8200144568893064,0.03576723146260422,confirmed
2023-10-17 07:19:38,1795,1157,2.0576669346933554,0.09262678743633503,confirmed
2023-10-17 16:04:19,1717,1631,1.2147427951759049,0.022944810282400516,confirmed
2023-10-18 00:49:00,1734,1058,6.150514667420628,0.06347293251828155,confirmed
2023-10-18 09:33:41,1383,1726,7.746563172597242,0.022285379482262727,confirmed
2023-10-18 18:18:22,1563,1127,6.439398631157767,0.03223483196698891,confirmed
2023-10-19 03:03:03,1850,1735,5.303491030358335,0.08481940475118825,pending
2023-10-19 11:47:44,1505,1720,0.42047028309293105,0.07291325808276769,confirmed
2023-10-19 20:32:25,1366,1881,9.684919287166244,0.009630387803589742,confirmed
2023-10-20 05:17:07,1143,1114,7.987343202354092,0.04292733189654472,confirmed
2023-10-20 14:01:48,1884,1208,2.9289275449729466,0.00301405938816192,confirmed
2023-10-20 22:46:29,1068,1525,9.799723323259148,0.048140925645640605,confirmed
2023-10-21 07:31:10,1098,1520,6.019214014773586,0.06627715776893671,confirmed
2023-10-21 16:15:51,1395,1551,5.824644159414258,0.01193841209745534,confirmed
2023-10-22 01:00:32,1024,1961,7.4809837211158925,0.02895960539702565,confirmed
2023-10-22 09:45:13,1947,1236,8.117886111113286,0.03984387888766548,confirmed
2023-10-22 18:29:54,1890,1280,6.565129594707695,0.09196114936313937,confirmed
2023-10-23 03:14:35,1468,1358,1.281829367915634,0.09932617604075411,confirmed
2023-10-23 11:59:16,1483,1200,3.3833367924389894,0.004586638769662025,pending
2023-10-23 20:43:57,1564,1757,9.28090831962017,0.07612469155718966,confirmed
2023-10-24 05:28:38,1150,1277,2.2469315028266754,0.037235234233594094,confirmed
2023-10-24 14:13:20,1143,1234,3.722298071351296,0.039306572804325056,confirmed
2023-10-24 22:58:01,1568,1493,4.3213367525590165,0.07545107083736757,pending
2023-10-25 07:42:42,1038,1003,4.394610491954828,0.09185080057132633,confirmed
2023-10-25 16:27:23,1108,1665,6.129782885362761,0.09509776659080459,confirmed
2023-10-26 01:12:04,1692,1441,9.430815301609332,0.05775454634522825,pending
2023-10-26 09:56:45,1041,1028,2.407686425613217,0.035776403814120235,confirmed
2023-10-26 18:41:26,1185,1108,1.2158922616328796,0.07877615367729206,failed
2023-10-27 03:26:07,1934,1609,1.9755074281095133,0.025175038187903797,confirmed
2023-10-27 12:10:48,1397,1726,8.869362077192486,0.056450995480468426,confirmed
2023-10-27 20:55:29,1222,1804,6.458462315739405,0.035921988306334834,pending
2023-10-28 05:40:10,1633,1074,2.8597819856023623,0.06569744426341682,confirmed
2023-10-28 14:24:51,1132,1837,8.159653442747203,0.024115851398061338,pending
2023-10-28 23:09:32,1162,1145,8.613838593637997,0.019240135278909096,confirmed
2023-10-29 07:54:14,1214,1127,8.46529687256409,0.09183208475887616,confirmed
2023-10-29 16:38:55,1732,1852,9.189346409861905,0.010270187926658736,confirmed
2023-10-30 01:23:36,1234,1041,2.5231579607134424,0.050645194982719674,pending
2023-10-30 10:08:17,1842,1355,7.550664245534038,0.022163193018004592,confirmed
2023-10-30 18:52:58,1657,1040,4.605934433244126,0.0039891033362341784,confirmed
2023-10-31 03:37:39,1750,1933,8.420143530347724,0.0036982799473134964,confirmed
2023-10-31 12:22:20,1587,1033,7.285178280938971,0.017604655033372153,confirmed
2023-10-31 21:07:01,1008,1016,7.764698017550748,0.08669035841514944,confirmed
2023-11-01 05:51:42,1073,1676,6.561962214973034,0.028319626523304962,confirmed
2023-11-01 14:36:23,1953,1152,1.775110265927599,0.09505087114047205,confirmed
2023-11-01 23:21:04,1491,1997,5.450724162050487,0.05820406706962044,confirmed
2023-11-02 08:05:45,1912,1377,9.846712725505558,0.043717757557899736,pending
2023-11-02 16:50:27,1252,1587,9.373943276904692,0.05805087458347852,confirmed
2023-11-03 01:35:08,1229,1598,0.4326941842343197,0.05171816868410416,confirmed
2023-11-03 10:19:49,1518,1628,1.6489833424786418,0.07590174775035678,confirmed
2023-11-03 19:04:30,1173,1873,1.3181560057721644,0.02832135699068794,confirmed
2023-11-04 03:49:11,1652,1341,7.26007311994297,0.03536973412087021,pending
2023-11-04 12:33:52,1167,1980,8.178035513239594,0.08942002082307175,confirmed
2023-11-04 21:18:33,1169,1026,2.1359001517404086,0.09465100566372552,pending
2023-11-05 06:03:14,1392,1824,5.0590210768253385,0.08926656692589881,pending
2023-11-05 14:47:55,1945,1286,8.407189577083988,0.04200285459633563,confirmed
2023-11-05 23:32:36,1794,1645,7.32828264611774,0.07805851375038748,pending
2023-11-06 08:17:17,1633,1730,5.422829817712992,0.047685939756779774,confirmed
2023-11-06 17:01:58,1193,1167,5.9038865568972705,0.04980423122939561,pending
2023-11-07 01:46:40,1516,1609,5.084097108615884,0.020547542894822666,confirmed
2023-11-07 10:31:21,1028,1267,2.976186964736887,0.0591539172955258,confirmed
2023-11-07 19:16:02,1164,1748,5.650654906597302,0.01869497618555946,confirmed
2023-11-08 04:00:43,1421,1820,6.8891641351988575,0.03322331343681266,confirmed
2023-11-08 12:45:24,1338,1454,8.733355835692215,0.08551751714183152,confirmed
2023-11-08 21:30:05,1647,1905,6.363277248438502,0.020786873340164436,failed
2023-11-09 06:14:46,1495,1684,7.611454248894537,0.007208712688825938,confirmed
2023-11-09 14:59:27,1364,1400,1.6015562779107753,0.006993858502020349,confirmed
2023-11-09 23:44:08,1832,1921,4.61611318672348,0.09408437359826048,confirmed
2023-11-10 08:28:49,1341,1980,0.09430686665110587,0.05074135175238728,confirmed
2023-11-10 17:13:30,1499,1475,2.4675419663517086,0.04100026597452013,confirmed
2023-11-11 01:58:11,1656,1701,7.264890689414936,0.08110677024269106,confirmed
2023-11-11 10:42:52,1510,1633,9.918107703542285,0.08359901019826056,confirmed
2023-11-11 19:27:34,1326,1557,0.9926818177725719,0.033285884208248906,confirmed
2023-11-12 04:12:15,1216,1575,4.015541664297022,0.06939244394163215,confirmed
2023-11-12 12:56:56,1300,1129,8.000909616022897,0.07713516930360348,confirmed
2023-11-12 21:41:37,1131,1821,2.0411523106543594,0.06549960361790887,confirmed
2023-11-13 06:26:18,1803,1362,5.551294408073561,0.015244347972529926,confirmed
2023-11-13 15:10:59,1069,1704,7.330979889000719,0.08760072004335401,confirmed
2023-11-13 23:55:40,1251,1818,6.160238517151531,0.053955545818327275,pending
2023-11-14 08:40:21,1414,1692,1.881059321419546,0.028318995394363368,confirmed
2023-11-14 17:25:02,1786,1291,3.5544903022887087,0.04258029572522563,confirmed
2023-11-15 02:09:43,1444,1370,7.838134053069488,0.0038533519308508474,confirmed
2023-11-15 10:54:24,1875,1793,5.542710914806035,0.012873893442119514,confirmed
2023-11-15 19:39:05,1181,1028,0.05329090581558446,0.0765781203765345,confirmed
2023-11-16 04:23:47,1166,1148,7.610146609520911,0.0001011623120610775,confirmed
2023-11-16 13:08:28,1090,1778,0.3540782380474505,0.041714926265380994,confirmed
2023-11-16 21:53:09,1713,1295,7.457592093529591,0.05229876709045029,confirmed
2023-11-17 06:37:50,1857,1010,2.025603121092209,0.005557978558097133,confirmed
2023-11-17 15:22:31,1530,1511,9.580776727713683,0.09731050848093606,confirmed
2023-11-18 00:07:12,1038,1675,3.6800395722695427,0.022689920591842227,confirmed
2023-11-18 08:51:53,1125,1112,3.269989231764453,0.030489452091664457,confirmed
2023-11-18 17:36:34,1450,1186,1.4897316152741142,0.03046385697427723,confirmed
2023-11-19 02:21:15,1172,1806,3.056736550686659,0.023118624545523256,pending
2023-11-19 11:05:56,1652,1743,8.766630967520177,0.0002472348264225105,confirmed
2023-11-19 19:50:37,1753,1226,9.963347041934846,0.07296154492939085,pending
2023-11-20 04:35:18,1219,1309,3.6837269955379766,0.09668786542994862,failed
2023-11-20 13:20:00,1637,1097,4.486657698914471,0.022506918980176,failed
2023-11-20 22:04:41,1057,1054,7.220987311089169,0.0663384144611619,confirmed
2023-11-21 06:49:22,1659,1622,8.86207160887028,0.07421544306317564,confirmed
2023-11-21 15:34:03,1475,1663,5.930850297533655,0.08485769537114343,confirmed
2023-11-22 00:18:44,1455,1757,3.9158654560801156,0.042320656781659555,confirmed
2023-11-22 09:03:25,1828,1405,4.12680578664539,0.03036279747347888,confirmed
2023-11-22 17:48:06,1894,1068,6.956485846821573,0.03259698388890081,confirmed
2023-11-23 02:32:47,1360,1311,0.03317941777918254,0.07129087117654144,confirmed
2023-11-23 11:17:28,1934,1288,6.1962737852609475,0.08169626870391304,confirmed
2023-11-23 20:02:09,1000,1761,3.5555746114031326,0.018243235378884604,confirmed
2023-11-24 04:46:50,1386,1547,7.942179115439566,0.03715700671496075,failed
2023-11-24 13:31:31,1972,1750,0.9308134075914986,0.0902038256552401,pending
2023-11-24 22:16:12,1347,1147,5.8824344672169575,0.08068868261750445,confirmed
2023-11-25 07:00:54,1189,1466,4.8102479259713515,0.09848735443597134,confirmed
2023-11-25 15:45:35,1504,1738,6.423612933526369,0.07544940114223987,confirmed
2023-11-26 00:30:16,1190,1243,0.6494710912352005,0.039380200582689436,pending
2023-11-26 09:14:57,1507,1490,5.800257890493885,0.05910471961606432,confirmed
2023-11-26 17:59:38,1368,1848,5.615284395007278,0.0661353239993073,pending
2023-11-27 02:44:19,1408,1957,5.607040284067294,0.007937736050080682,confirmed
2023-11-27 11:29:00,1823,1506,6.0352731782979525,0.05449524621447613,confirmed
2023-11-27 20:13:41,1928,1364,6.765002904326397,0.0709611507644137,confirmed
2023-11-28 04:58:22,1933,1481,8.050085007808017,0.01681539826970593,confirmed
2023-11-28 13:43:03,1116,1200,2.698937380562015,0.07808510857081316,confirmed
2023-11-28 22:27:44,1133,1153,8.25066905239044,0.058418900773359754,pending
2023-11-29 07:12:25,1057,1449,4.983058566952273,0.09522695639118971,pending
2023-11-29 15:57:07,1555,1500,0.7715057330641774,0.004337987590868481,confirmed
2023-11-30 00:41:48,1684,1072,0.5864507415105481,0.02660608114179115,confirmed
2023-11-30 09:26:29,1671,1712,3.343048948641912,0.06019523254205243,confirmed
2023-11-30 18:11:10,1172,1295,7.849184874137565,0.029726335229372475,pending
2023-12-01 02:55:51,1828,1016,7.077101666474418,0.0714709739907171,confirmed
2023-12-01 11:40:32,1814,1640,7.886361031759392,0.07592462772394092,pending
2023-12-01 20:25:13,1148,1216,5.1731732953596525,0.010341344810240797,pending
2023-12-02 05:09:54,1079,1060,4.40254978055695,0.0514340609742561,confirmed
2023-12-02 13:54:35,1885,1938,1.4753778145361331,0.05093816650354649,confirmed
2023-12-02 22:39:16,1212,1615,3.2825993433395064,0.03699114894453256,pending
2023-12-03 07:23:57,1202,1041,4.340759642372579,0.09329919377071025,confirmed
2023-12-03 16:08:38,1763,1024,0.8869156963664927,0.0827678813553348,pending
2023-12-04 00:53:20,1228,1038,2.2068989151594014,0.06975121725277272,confirmed
2023-12-04 09:38:01,1675,1802,5.982654715343325,0.07146123090992626,failed
2023-12-04 18:22:42,1226,1130,7.35689547927766,0.0462254427669306,pending
2023-12-05 03:07:23,1658,1497,9.983476766418104,0.09210735265754794,confirmed
2023-12-05 11:52:04,1531,1228,9.331200200104233,0.06949008318260322,confirmed
2023-12-05 20:36:45,1440,1107,6.426009430152381,0.07292520805941606,confirmed
2023-12-06 05:21:26,1401,1171,4.213059284887427,0.0861829212883558,confirmed
2023-12-06 14:06:07,1046,1434,6.36213746971762,0.02747975177528488,pending
2023-12-06 22:50:48,1232,1477,7.85673052918424,0.08072638329628364,pending
2023-12-07 07:35:29,1304,1101,1.1842435730429497,0.019604536235353555,confirmed
2023-12-07 16:20:10,1525,1865,4.099638992073187,0.034599661029264296,confirmed
2023-12-08 01:04:51,1142,1523,8.398183054070536,0.03362748438155729,pending
2023-12-08 09:49:32,1414,1274,3.838945686378507,0.09785469429207515,confirmed
2023-12-08 18:34:14,1512,1612,5.719150840000639,0.0856680686524179,pending
2023-12-09 03:18:55,1372,1043,5.878105839261121,0.07014686917286696,confirmed
2023-12-09 12:03:36,1565,1954,1.84557805508326,0.07273297048537748,confirmed
2023-12-09 20:48:17,1885,1816,3.6229921810812318,0.05625107216081685,pending
2023-12-10 05:32:58,1258,1956,3.3457783761305797,0.09471435764414106,confirmed
2023-12-10 14:17:39,1655,1016,0.2629408886121159,0.049676249412947925,confirmed
2023-12-10 23:02:20,1470,1329,0.2428934471496611,0.03811371921600247,failed
2023-12-11 07:47:01,1952,1568,8.317138739714059,0.01638723015946594,confirmed
2023-12-11 16:31:42,1970,1822,2.7314350289181513,0.0786419446608797,confirmed
2023-12-12 01:16:23,1011,1496,5.1812695836219165,0.0734709488143516,confirmed
2023-12-12 10:01:04,1329,1814,2.9879570103141417,0.03849706834856108,confirmed
2023-12-12 18:45:45,1735,1011,9.40685177190829,0.002616822054527013,confirmed
2023-12-13 03:30:27,1783,1317,2.5937082918988716,0.08391583303902928,confirmed
2023-12-13 12:15:08,1967,1591,4.297138470576613,0.001240656547061956,confirmed
2023-12-13 20:59:49,1357,1215,8.727429774595533,0.0703996079849422,pending
2023-12-14 05:44:30,1971,1338,8.419493734351294,0.09702868526163311,confirmed
2023-12-14 14:29:11,1407,1775,1.861828077044927,0.04382236668200553,confirmed
2023-12-14 23:13:52,1667,1990,8.026630454647309,0.02357384315909568,confirmed
2023-12-15 07:58:33,1372,1660,4.582410680492189,0.07051661390333384,confirmed
2023-12-15 16:43:14,1007,1080,4.830205751981468,0.08173110138735697,confirmed
2023-12-16 01:27:55,1121,1726,1.3356662441870217,0.05468838857617695,confirmed
2023-12-16 10:12:36,1347,1484,0.8069345360574894,0.09670682399808901,confirmed
2023-12-16 18:57:17,1675,1373,7.279665130430679,0.005261705293630315,pending
2023-12-17 03:41:58,1089,1975,4.965115062400643,0.05052908027062236,confirmed
2023-12-17 12:26:40,1647,1709,4.369070175449181,0.07187354933752275,confirmed
2023-12-17 21:11:21,1697,1199,7.295352778295316,0.08627778306780298,confirmed
2023-12-18 05:56:02,1315,1536,7.6553634770121075,0.018007635629588226,pending
2023-12-18 14:40:43,1177,1465,1.5899227685258663,0.08002034782819178,confirmed
2023-12-18 23:25:24,1539,1088,6.102641269626936,0.055315436864282676,confirmed
2023-12-19 08:10:05,1731,1267,1.3544054686945775,0.03971571283079733,pending
2023-12-19 16:54:46,1868,1654,7.513999485204429,0.013258331355051447,confirmed
2023-12-20 01:39:27,1040,1570,6.5698946075151285,0.08654304631500036,confirmed
2023-12-20 10:24:08,1739,1921,9.566189596213496,0.015811593497153564,confirmed
2023-12-20 19:08:49,1703,1488,0.6905112055478554,0.031047807134989013,confirmed
2023-12-21 03:53:30,1922,1876,0.5714901567913919,0.029075548643047445,confirmed
2023-12-21 12:38:11,1501,1537,2.822588559857308,0.08715426201566635,pending
2023-12-21 21:22:52,1958,1046,2.6177951316753236,0.06730302912146892,confirmed
2023-12-22 06:07:34,1144,1287,2.4705410119209263,0.0796884715794181,confirmed
2023-12-22 14:52:15,1200,1777,9.062639550629846,0.025121743089370648,confirmed
2023-12-22 23:36:56,1928,1015,2.4962124522952114,0.06252492255073919,pending
2023-12-23 08:21:37,1723,1710,2.7202253115601813,0.0572174237160605,pending
2023-12-23 17:06:18,1460,1400,7.5942232259172195,0.08329975464114829,confirmed
2023-12-24 01:50:59,1731,1918,4.49794868466295,0.09061809734207793,confirmed
2023-12-24 10:35:40,1751,1793,7.7673288589948575,0.0013144614705909421,confirmed
2023-12-24 19:20:21,1924,1980,0.654596209486288,0.06743458991397339,confirmed
2023-12-25 04:05:02,1908,1085,4.87622436554017,0.005278396332060929,pending
2023-12-25 12:49:43,1557,1249,0.33710238823264305,0.05493098064122786,pending
2023-12-25 21:34:24,1546,1390,0.6274693813500899,0.028834509631463452,confirmed
2023-12-26 06:19:05,1252,1781,9.064468095990765,0.030746982292261905,confirmed
2023-12-26 15:03:47,1389,1334,1.393314465804834,0.03536055449489042,pending
2023-12-26 23:48:28,1593,1628,5.324674402069896,0.06216711566005605,confirmed
2023-12-27 08:33:09,1882,1518,4.111544930404465,0.03347159157031005,confirmed
2023-12-27 17:17:50,1255,1136,3.474085919262168,0.07329663515396902,confirmed
2023-12-28 02:02:31,1708,1882,8.998433623527037,0.04051228581882959,confirmed
2023-12-28 10:47:12,1814,1687,0.21921214435811953,0.006928484710964866,confirmed
2023-12-28 19:31:53,1920,1839,6.638233072069716,0.07839760826416232,confirmed
2023-12-29 04:16:34,1449,1497,9.633980947701291,0.02864725662681133,confirmed
2023-12-29 13:01:15,1009,1826,5.602121666434958,0.04333341127196634,confirmed
2023-12-29 21:45:56,1823,1726,9.368287797868884,0.06857584393386797,confirmed
2023-12-30 06:30:37,1797,1476,0.5235265349809517,0.03331237009915634,confirmed
2023-12-30 15:15:18,1241,1593,4.188514397422541,0.005752907049056891,confirmed
2023-12-31 00:00:00,1250,1222,2.6023177518295495,0.03745471259658008,confirmed
