time,sensor_id,temperature,status
2023-01-01 00:00:00,52,20.37776111467864,operational
2023-01-01 08:44:41,93,2.2176577732327267,maintenance
2023-01-01 17:29:22,15,14.912384892447008,offline
2023-01-02 02:14:03,72,6.517424064045699,operational
2023-01-02 10:58:44,61,36.68459118799373,operational
2023-01-02 19:43:25,21,-9.623281843296263,operational
2023-01-03 04:28:06,83,1.266639885626411,operational
2023-01-03 13:12:47,87,8.267840983702882,operational
2023-01-03 21:57:28,75,14.390490040436895,operational
2023-01-04 06:42:09,75,32.54087589180731,operational
2023-01-04 15:26:50,88,-5.605618772992806,operational
2023-01-05 00:11:31,24,30.293244337057175,operational
2023-01-05 08:56:12,3,-7.217325532151233,operational
2023-01-05 17:40:54,22,32.11570176490908,operational
2023-01-06 02:25:35,53,-7.418226106274358,operational
2023-01-06 11:10:16,2,-9.087875928581948,operational
2023-01-06 19:54:57,88,24.848073118321075,operational
2023-01-07 04:39:38,30,39.86277673841972,operational
2023-01-07 13:24:19,38,34.83051314870104,operational
2023-01-07 22:09:00,2,18.799920890282998,operational
2023-01-08 06:53:41,64,35.86978065427658,operational
2023-01-08 15:38:22,60,-9.73499968011973,operational
2023-01-09 00:23:03,21,38.753358147257124,maintenance
2023-01-09 09:07:44,33,14.537438962939223,operational
2023-01-09 17:52:25,76,26.144804831088784,maintenance
2023-01-10 02:37:07,58,31.043073657667627,operational
2023-01-10 11:21:48,22,25.92286354182768,operational
2023-01-10 20:06:29,89,16.751836602245525,operational
2023-01-11 04:51:10,49,13.830974206320597,operational
2023-01-11 13:35:51,91,31.92912793513124,operational
2023-01-11 22:20:32,59,0.25387800747295586,offline
2023-01-12 07:05:13,42,38.39970332521171,operational
2023-01-12 15:49:54,92,25.547623941837415,operational
2023-01-13 00:34:35,60,-0.024653633084012583,maintenance
2023-01-13 09:19:16,80,26.81235918492441,operational
2023-01-13 18:03:57,15,16.49200115905583,operational
2023-01-14 02:48:38,62,25.361504782222227,operational
2023-01-14 11:33:20,62,28.38897507214194,operational
2023-01-14 20:18:01,47,-5.635491020516228,operational
2023-01-15 05:02:42,62,15.30519781796735,operational
2023-01-15 13:47:23,51,36.60071711284671,operational
2023-01-15 22:32:04,55,6.032109607975713,operational
2023-01-16 07:16:45,64,19.694154877894942,operational
2023-01-16 16:01:26,3,8.461524075494808,operational
2023-01-17 00:46:07,51,12.713398610954982,maintenance
2023-01-17 09:30:48,7,17.43015589690766,offline
2023-01-17 18:15:29,21,17.446098994448864,operational
2023-01-18 03:00:10,73,0.0865231165117919,offline
2023-01-18 11:44:51,39,24.228577393991664,operational
2023-01-18 20:29:32,18,-5.60659443786716,operational
2023-01-19 05:14:14,4,-3.0587613278989814,operational
2023-01-19 13:58:55,89,-9.864455029283516,operational
2023-01-19 22:43:36,60,-4.165196792915934,operational
2023-01-20 07:28:17,14,13.658310052594612,operational
2023-01-20 16:12:58,9,20.30509405279193,operational
2023-01-21 00:57:39,90,29.714472498323126,operational
2023-01-21 09:42:20,53,-4.665037494328197,operational
2023-01-21 18:27:01,2,32.536373000822735,operational
2023-01-22 03:11:42,84,27.298726277435904,operational
2023-01-22 11:56:23,92,10.425914646795846,operational
2023-01-22 20:41:04,60,36.64690335499773,operational
2023-01-23 05:25:45,71,39.54647382286953,operational
2023-01-23 14:10:27,44,0.2500905026618625,operational
2023-01-23 22:55:08,8,8.961429248190022,operational
2023-01-24 07:39:49,47,36.32247117948556,operational
2023-01-24 16:24:30,35,26.079827537563858,operational
2023-01-25 01:09:11,78,-7.5952678017956154,operational
2023-01-25 09:53:52,81,29.075724087570748,operational
2023-01-25 18:38:33,36,31.397044358874595,operational
2023-01-26 03:23:14,50,27.525096238265675,operational
2023-01-26 12:07:55,4,29.976856545975778,operational
2023-01-26 20:52:36,2,31.256633834639864,operational
2023-01-27 05:37:17,6,-0.679750660592795,operational
2023-01-27 14:21:58,54,1.7845873032499888,operational
2023-01-27 23:06:40,4,21.68792818600886,operational
2023-01-28 07:51:21,54,35.3933065231258,operational
2023-01-28 16:36:02,93,5.80982911482473,operational
2023-01-29 01:20:43,63,19.415333789752836,operational
2023-01-29 10:05:24,18,24.14910317085662,operational
2023-01-29 18:50:05,90,12.597430064951961,operational
2023-01-30 03:34:46,44,25.6891227427663,operational
2023-01-30 12:19:27,34,34.983372264608654,operational
2023-01-30 21:04:08,74,21.20507720909188,operational
2023-01-31 05:48:49,62,16.989053095731652,operational
2023-01-31 14:33:30,14,11.937233769416952,maintenance
2023-01-31 23:18:11,95,18.874313545306286,operational
2023-02-01 08:02:52,48,7.768122590919795,operational
2023-02-01 16:47:34,15,9.574105510075096,operational
2023-02-02 01:32:15,72,16.592873984408698,operational
2023-02-02 10:16:56,78,-6.669044380459152,operational
2023-02-02 19:01:37,87,1.4512695462398177,operational
2023-02-03 03:46:18,62,17.142465530670446,operational
2023-02-03 12:30:59,40,11.576407156822132,operational
2023-02-03 21:15:40,85,6.640789295624213,operational
2023-02-04 06:00:21,80,26.52745684046507,operational
2023-02-04 14:45:02,82,24.68588037016692,operational
2023-02-04 23:29:43,53,-1.663462000330842,operational
2023-02-05 08:14:24,24,33.93145576867191,operational
2023-02-05 16:59:05,26,14.77118132019828,operational
2023-02-06 01:43:47,89,27.073045556952273,operational
2023-02-06 10:28:28,60,18.657542462869433,operational
2023-02-06 19:13:09,41,39.88463079619216,operational
2023-02-07 03:57:50,29,27.620156001941133,operational
2023-02-07 12:42:31,15,25.349023062172954,operational
2023-02-07 21:27:12,45,28.928596952537553,operational
2023-02-08 06:11:53,65,-2.843600722576519,operational
2023-02-08 14:56:34,89,0.22722965847316345,offline
2023-02-08 23:41:15,71,25.70320411118071,operational
2023-02-09 08:25:56,9,14.699074356543132,operational
2023-02-09 17:10:37,88,27.731764593005828,operational
2023-02-10 01:55:18,1,-4.854198462792749,operational
2023-02-10 10:40:00,8,16.824067574229737,offline
2023-02-10 19:24:41,88,8.941078277845786,operational
2023-02-11 04:09:22,63,12.850010964083918,maintenance
2023-02-11 12:54:03,11,20.197893603625626,operational
2023-02-11 21:38:44,81,15.114417373126507,operational
2023-02-12 06:23:25,8,16.993031855641835,operational
2023-02-12 15:08:06,35,14.31787409978039,maintenance
2023-02-12 23:52:47,35,10.44775885427466,operational
2023-02-13 08:37:28,33,28.594099029912257,operational
2023-02-13 17:22:09,5,-9.389846384097774,operational
2023-02-14 02:06:50,41,19.92213506026135,maintenance
2023-02-14 10:51:31,28,18.27541736614869,operational
2023-02-14 19:36:12,7,25.80895373664761,operational
2023-02-15 04:20:54,73,19.951468238866326,operational
2023-02-15 13:05:35,72,31.339941390453916,operational
2023-02-15 21:50:16,12,37.95373972820139,operational
2023-02-16 06:34:57,34,7.126212858927168,operational
2023-02-16 15:19:38,33,1.3675491514993503,operational
2023-02-17 00:04:19,48,11.179843121024145,offline
2023-02-17 08:49:00,23,4.396480823786305,operational
2023-02-17 17:33:41,62,20.74751315763272,offline
2023-02-18 02:18:22,88,35.59262044214824,operational
2023-02-18 11:03:03,37,-3.0441902928469062,maintenance
2023-02-18 19:47:44,99,-4.960269849205675,operational
2023-02-19 04:32:25,44,2.8007765926831105,operational
2023-02-19 13:17:07,86,26.304779303120036,operational
2023-02-19 22:01:48,91,19.648145262941078,operational
2023-02-20 06:46:29,35,-4.889366788740021,operational
2023-02-20 15:31:10,65,35.93752611303732,operational
2023-02-21 00:15:51,99,29.504231856204335,operational
2023-02-21 09:00:32,47,-8.848869760618124,operational
2023-02-21 17:45:13,78,22.568360549412304,operational
2023-02-22 02:29:54,3,28.5623334259869,operational
2023-02-22 11:14:35,1,8.721768486021102,operational
2023-02-22 19:59:16,5,-6.55392303163906,maintenance
2023-02-23 04:43:57,90,-6.133946725560637,maintenance
2023-02-23 13:28:38,14,-4.787651697409525,maintenance
2023-02-23 22:13:20,27,32.021981599021146,operational
2023-02-24 06:58:01,9,35.53430991278565,operational
2023-02-24 15:42:42,79,-3.85946090771331,operational
2023-02-25 00:27:23,15,1.79530172975406,operational
2023-02-25 09:12:04,90,-1.723974481635512,operational
2023-02-25 17:56:45,42,-0.6839560252939663,operational
2023-02-26 02:41:26,77,31.8745394501246,operational
2023-02-26 11:26:07,51,6.607320632746948,operational
2023-02-26 20:10:48,63,5.572213202282059,operational
2023-02-27 04:55:29,96,1.3697810438556317,offline
2023-02-27 13:40:10,52,20.394719689712936,operational
2023-02-27 22:24:51,96,8.96528491927744,operational
2023-02-28 07:09:32,4,27.21248259216444,maintenance
2023-02-28 15:54:14,94,0.27899041878187525,operational
2023-03-01 00:38:55,23,29.38949443572462,operational
2023-03-01 09:23:36,15,20.18607658650695,operational
2023-03-01 18:08:17,43,-4.286634997215613,operational
2023-03-02 02:52:58,29,10.725229210181382,operational
2023-03-02 11:37:39,36,33.17590703064785,maintenance
2023-03-02 20:22:20,13,36.148011589924245,operational
2023-03-03 05:07:01,32,13.28500611594066,offline
2023-03-03 13:51:42,71,14.041848904453676,operational
2023-03-03 22:36:23,59,35.92273624696506,operational
2023-03-04 07:21:04,86,19.353411206828362,operational
2023-03-04 16:05:45,28,-8.357666487828082,operational
2023-03-05 00:50:27,66,35.63747314395644,operational
2023-03-05 09:35:08,42,2.411322137857594,maintenance
2023-03-05 18:19:49,45,18.88159770457736,operational
2023-03-06 03:04:30,62,-1.7243341286013099,operational
2023-03-06 11:49:11,57,-8.30604198767025,operational
2023-03-06 20:33:52,6,5.57365855663787,operational
2023-03-07 05:18:33,28,29.024785377304383,operational
2023-03-07 14:03:14,28,3.8793586314709056,operational
2023-03-07 22:47:55,44,1.0048607040548525,operational
2023-03-08 07:32:36,84,0.6340392170613143,operational
2023-03-08 16:17:17,30,15.758684120340629,operational
2023-03-09 01:01:58,62,38.77706578413781,operational
2023-03-09 09:46:40,75,12.949449400850654,operational
2023-03-09 18:31:21,92,17.865268444502394,operational
2023-03-10 03:16:02,89,33.031600894536695,maintenance
2023-03-10 12:00:43,62,16.753485946682932,operational
2023-03-10 20:45:24,97,-0.7768564290571955,operational
2023-03-11 05:30:05,1,4.979795588323853,operational
2023-03-11 14:14:46,27,5.496846313430545,maintenance
2023-03-11 22:59:27,62,9.865905772879895,operational
2023-03-12 07:44:08,77,11.339445266837469,operational
2023-03-12 16:28:49,3,29.989101103713473,offline
2023-03-13 01:13:30,70,7.469349952466651,operational
2023-03-13 09:58:11,72,13.411591422068966,operational
2023-03-13 18:42:52,27,21.248799352552613,operational
2023-03-14 03:27:34,9,8.886297372008464,operational
2023-03-14 12:12:15,62,31.828240664616644,maintenance
2023-03-14 20:56:56,37,19.372680211703717,operational
2023-03-15 05:41:37,97,4.702233961048577,operational
2023-03-15 14:26:18,51,25.70295998949141,operational
2023-03-15 23:10:59,44,16.382386507239293,operational
2023-03-16 07:55:40,24,16.722794562862344,operational
2023-03-16 16:40:21,79,14.054397419379299,operational
2023-03-17 01:25:02,59,14.850597441062451,operational
2023-03-17 10:09:43,32,28.26781405331203,operational
2023-03-17 18:54:24,96,-4.850926033434224,operational
2023-03-18 03:39:05,88,6.718140565524109,operational
2023-03-18 12:23:47,52,-6.224831809805539,operational
2023-03-18 21:08:28,62,27.66231103737254,operational
2023-03-19 05:53:09,58,3.6150927360149723,maintenance
2023-03-19 14:37:50,52,34.871520490944214,operational
2023-03-19 23:22:31,12,16.32892333296469,operational
2023-03-20 08:07:12,39,30.037488574306053,operational
2023-03-20 16:51:53,2,38.94657178079806,operational
2023-03-21 01:36:34,3,31.989442972828527,operational
2023-03-21 10:21:15,56,33.34968800057617,operational
2023-03-21 19:05:56,81,10.399224768242235,operational
2023-03-22 03:50:37,59,17.586129762966987,operational
2023-03-22 12:35:18,2,2.6944282021652146,operational
2023-03-22 21:20:00,2,-0.19434501532735915,operational
2023-03-23 06:04:41,92,15.275393955301688,operational
2023-03-23 14:49:22,54,19.75244898502103,offline
2023-03-23 23:34:03,87,6.963562294809549,operational
2023-03-24 08:18:44,96,18.472175888175016,operational
2023-03-24 17:03:25,97,34.37302412567515,operational
2023-03-25 01:48:06,1,17.836079239168303,operational
2023-03-25 10:32:47,19,26.04065481552533,operational
2023-03-25 19:17:28,2,30.265748367895256,offline
2023-03-26 04:02:09,53,39.43643909777214,operational
2023-03-26 12:46:50,44,20.15987010884898,operational
2023-03-26 21:31:31,90,30.342507448129297,offline
2023-03-27 06:16:12,32,38.13246592774373,operational
2023-03-27 15:00:54,70,37.220486278863675,operational
2023-03-27 23:45:35,32,-2.9459075611143213,operational
2023-03-28 08:30:16,68,10.3196154136761,operational
2023-03-28 17:14:57,55,6.1995030553399815,operational
2023-03-29 01:59:38,75,-5.653749252482534,operational
2023-03-29 10:44:19,56,21.662038745548028,operational
2023-03-29 19:29:00,17,26.79523065980012,operational
2023-03-30 04:13:41,38,32.40640477334418,operational
2023-03-30 12:58:22,24,-3.8611555168645753,operational
2023-03-30 21:43:03,69,33.82220379376469,operational
2023-03-31 06:27:44,98,22.146278180712663,operational
2023-03-31 15:12:25,70,25.19730675692547,operational
2023-03-31 23:57:07,86,35.531200177015194,operational
2023-04-01 08:41:48,11,21.238063552162554,operational
2023-04-01 17:26:29,16,6.793292857491753,operational
2023-04-02 02:11:10,97,31.25536657113299,operational
2023-04-02 10:55:51,73,8.152960609754526,operational
2023-04-02 19:40:32,59,-8.288594458973543,operational
2023-04-03 04:25:13,70,31.532725328262487,operational
2023-04-03 13:09:54,80,7.25960724406378,operational
2023-04-03 21:54:35,93,28.691726160067013,operational
2023-04-04 06:39:16,3,8.137894733297273,operational
2023-04-04 15:23:57,20,33.05340099873608,operational
2023-04-05 00:08:38,59,0.975526254047935,operational
2023-04-05 08:53:20,36,38.727363259943495,operational
2023-04-05 17:38:01,19,28.987938739401542,operational
2023-04-06 02:22:42,90,-4.288103703980158,operational
2023-04-06 11:07:23,67,18.288830998328024,operational
2023-04-06 19:52:04,19,39.26836561208673,operational
2023-04-07 04:36:45,20,13.553272634690721,operational
2023-04-07 13:21:26,96,-0.8946430589208383,operational
2023-04-07 22:06:07,71,14.23891835751731,operational
2023-04-08 06:50:48,52,15.622882794096078,operational
2023-04-08 15:35:29,33,27.084347211433276,offline
2023-04-09 00:20:10,40,24.94229265804522,operational
2023-04-09 09:04:51,39,10.127502179849028,operational
2023-04-09 17:49:32,82,0.9011553747043237,operational
2023-04-10 02:34:14,1,22.252708388466473,operational
2023-04-10 11:18:55,11,11.08519672766409,operational
2023-04-10 20:03:36,92,-3.38618944373348,operational
2023-04-11 04:48:17,57,35.02861506181928,operational
2023-04-11 13:32:58,89,24.561092880482718,operational
2023-04-11 22:17:39,50,24.159192822274072,operational
2023-04-12 07:02:20,23,31.129193795583696,operational
2023-04-12 15:47:01,31,16.483083932754052,operational
2023-04-13 00:31:42,94,30.752721420122853,operational
2023-04-13 09:16:23,42,14.904537675550287,operational
2023-04-13 18:01:04,99,-6.641230004214496,operational
2023-04-14 02:45:45,7,10.262404401384437,operational
2023-04-14 11:30:27,16,14.87324469899453,maintenance
2023-04-14 20:15:08,90,26.010129081614792,operational
2023-04-15 04:59:49,60,-4.671063493566282,operational
2023-04-15 13:44:30,2,-2.99907306697755,operational
2023-04-15 22:29:11,1,3.1841901317308228,operational
2023-04-16 07:13:52,48,3.3249196685441103,operational
2023-04-16 15:58:33,12,26.609228922953122,operational
2023-04-17 00:43:14,69,2.5365330280798872,operational
2023-04-17 09:27:55,37,21.654903167872376,operational
2023-04-17 18:12:36,32,14.71369250691357,operational
2023-04-18 02:57:17,9,18.664718908970034,operational
2023-04-18 11:41:58,99,31.90534815891479,operational
2023-04-18 20:26:40,19,10.219075077451215,operational
2023-04-19 05:11:21,48,28.545568853213524,operational
2023-04-19 13:56:02,80,11.10180297753437,operational
2023-04-19 22:40:43,3,7.693568828062471,operational
2023-04-20 07:25:24,20,37.931358865661025,operational
2023-04-20 16:10:05,24,-0.7814539660518385,operational
2023-04-21 00:54:46,54,-5.483151971119606,operational
2023-04-21 09:39:27,33,28.549296276773923,maintenance
2023-04-21 18:24:08,24,-6.587514732295421,operational
2023-04-22 03:08:49,75,31.85394953515147,operational
2023-04-22 11:53:30,72,11.859669817862176,maintenance
2023-04-22 20:38:11,36,35.7756838645957,operational
2023-04-23 05:22:52,38,26.07664305609528,operational
2023-04-23 14:07:34,84,20.52023335039788,maintenance
2023-04-23 22:52:15,99,37.465339852888285,operational
2023-04-24 07:36:56,89,9.832468652602714,operational
2023-04-24 16:21:37,99,37.704346826981656,operational
2023-04-25 01:06:18,25,-3.2499361289396536,operational
2023-04-25 09:50:59,93,14.187747096620637,operational
2023-04-25 18:35:40,18,3.4955611196097447,maintenance
2023-04-26 03:20:21,82,16.99213894540967,operational
2023-04-26 12:05:02,66,-1.89930610542077,operational
2023-04-26 20:49:43,54,32.07648301550217,offline
2023-04-27 05:34:24,35,32.32039246572786,operational
2023-04-27 14:19:05,80,37.76181563617395,operational
2023-04-27 23:03:47,61,-2.266392955838189,operational
2023-04-28 07:48:28,41,21.166627545249536,operational
2023-04-28 16:33:09,33,13.711865435018481,operational
2023-04-29 01:17:50,68,7.219186602211661,maintenance
2023-04-29 10:02:31,33,7.577008056710941,operational
2023-04-29 18:47:12,14,10.639677530337615,operational
2023-04-30 03:31:53,21,25.246277484447653,operational
2023-04-30 12:16:34,48,19.91430291340773,maintenance
2023-04-30 21:01:15,20,12.984075638056556,maintenance
2023-05-01 05:45:56,8,-6.203329481518896,operational
2023-05-01 14:30:37,7,-6.111732796052146,operational
2023-05-01 23:15:18,67,-9.883030468711087,operational
2023-05-02 08:00:00,17,38.38496941035432,operational
2023-05-02 16:44:41,33,-9.737309072080754,operational
2023-05-03 01:29:22,48,-4.845312699312756,operational
2023-05-03 10:14:03,76,5.729827840470545,maintenance
2023-05-03 18:58:44,59,30.37151259083806,operational
2023-05-04 03:43:25,86,38.104939288205884,operational
2023-05-04 12:28:06,22,29.500677939592805,operational
2023-05-04 21:12:47,30,24.52801162228203,operational
2023-05-05 05:57:28,38,16.06503337067847,operational
2023-05-05 14:42:09,51,-5.66473940689082,operational
2023-05-05 23:26:50,54,37.908539650196516,operational
2023-05-06 08:11:31,8,27.919620697284074,operational
2023-05-06 16:56:12,27,21.947469266713092,maintenance
2023-05-07 01:40:54,27,27.95179227694249,operational
2023-05-07 10:25:35,98,26.20516646365693,operational
2023-05-07 19:10:16,21,21.861578989474342,operational
2023-05-08 03:54:57,30,39.02884000899941,operational
2023-05-08 12:39:38,97,35.168190631801245,operational
2023-05-08 21:24:19,28,22.333245955858168,offline
2023-05-09 06:09:00,64,24.658760572846234,operational
2023-05-09 14:53:41,97,-7.4202096670645,operational
2023-05-09 23:38:22,69,23.49587322750196,operational
2023-05-10 08:23:03,61,-7.791728114494991,operational
2023-05-10 17:07:44,48,19.413187848496552,operational
2023-05-11 01:52:25,19,39.96767497829174,operational
2023-05-11 10:37:07,4,17.79032907185898,operational
2023-05-11 19:21:48,35,13.660505904066671,operational
2023-05-12 04:06:29,64,5.642742825279377,operational
2023-05-12 12:51:10,49,-3.973871060676778,operational
2023-05-12 21:35:51,17,26.551183572914084,operational
2023-05-13 06:20:32,44,-0.37004861071847905,offline
2023-05-13 15:05:13,92,-4.235898937635781,operational
2023-05-13 23:49:54,30,11.088132986525626,operational
2023-05-14 08:34:35,93,29.76709189795487,operational
2023-05-14 17:19:16,46,27.25322740601102,operational
2023-05-15 02:03:57,6,-7.255869267676253,operational
2023-05-15 10:48:38,99,12.757184251807804,maintenance
2023-05-15 19:33:20,37,16.121728803558447,operational
2023-05-16 04:18:01,24,22.22733253129111,operational
2023-05-16 13:02:42,93,22.508367522161407,operational
2023-05-16 21:47:23,46,8.234862472865291,operational
2023-05-17 06:32:04,53,18.0338597001757,operational
2023-05-17 15:16:45,95,14.053094192204323,maintenance
2023-05-18 00:01:26,99,34.24991782616405,maintenance
2023-05-18 08:46:07,60,16.51325663174501,operational
2023-05-18 17:30:48,97,12.05160808740808,operational
2023-05-19 02:15:29,63,10.224272484092538,operational
2023-05-19 11:00:10,85,18.621387971673286,operational
2023-05-19 19:44:51,32,30.198848970044878,operational
2023-05-20 04:29:32,87,16.920074519039378,operational
2023-05-20 13:14:14,33,23.082758754027076,operational
2023-05-20 21:58:55,67,26.892788345326252,maintenance
2023-05-21 06:43:36,18,16.008405493936593,operational
2023-05-21 15:28:17,25,11.340852832743217,operational
2023-05-22 00:12:58,95,33.83326889312247,operational
2023-05-22 08:57:39,54,10.875304201394606,operational
2023-05-22 17:42:20,58,13.09714252877938,operational
2023-05-23 02:27:01,67,39.51706566708886,operational
2023-05-23 11:11:42,46,-9.988123821205772,operational
2023-05-23 19:56:23,24,-0.7263545211638771,operational
2023-05-24 04:41:04,32,9.198194495986286,operational
2023-05-24 13:25:45,47,36.62949547126264,operational
2023-05-24 22:10:27,86,-6.498514712626449,operational
2023-05-25 06:55:08,23,-9.525728318575096,operational
2023-05-25 15:39:49,66,-7.36580820113857,operational
2023-05-26 00:24:30,27,-5.5728294693190925,offline
2023-05-26 09:09:11,2,-8.120161339686957,operational
2023-05-26 17:53:52,90,13.98906634282524,operational
2023-05-27 02:38:33,17,19.037860361366384,operational
2023-05-27 11:23:14,33,3.5843485534502033,operational
2023-05-27 20:07:55,9,9.914369198781777,operational
2023-05-28 04:52:36,43,-5.415033244428493,operational
2023-05-28 13:37:17,48,6.818523191421104,maintenance
2023-05-28 22:21:58,39,16.125959581726153,operational
2023-05-29 07:06:40,93,26.613590359232255,operational
2023-05-29 15:51:21,42,-9.832681897851039,operational
2023-05-30 00:36:02,26,13.365538326882628,offline
2023-05-30 09:20:43,99,4.85014382274411,operational
2023-05-30 18:05:24,50,32.64109108459507,operational
2023-05-31 02:50:05,25,25.777665761712093,operational
2023-05-31 11:34:46,24,19.455426723544743,operational
2023-05-31 20:19:27,13,3.8632822848386787,operational
2023-06-01 05:04:08,60,35.516955102876715,operational
2023-06-01 13:48:49,7,-7.744966138983841,operational
2023-06-01 22:33:30,57,-4.526620066044242,operational
2023-06-02 07:18:11,36,9.581507027017803,maintenance
2023-06-02 16:02:52,45,-3.778122135157183,operational
2023-06-03 00:47:34,20,37.82078487797125,operational
2023-06-03 09:32:15,65,29.899466107169168,operational
2023-06-03 18:16:56,8,2.9491325800906836,operational
2023-06-04 03:01:37,16,19.42771144866227,operational
2023-06-04 11:46:18,14,39.11652575400408,operational
2023-06-04 20:30:59,76,34.20994890657515,operational
2023-06-05 05:15:40,87,20.039922322109902,operational
2023-06-05 14:00:21,15,35.18619835876353,operational
2023-06-05 22:45:02,92,39.459245490667946,operational
2023-06-06 07:29:43,98,27.167641144681205,operational
2023-06-06 16:14:24,66,-6.750679525855299,operational
2023-06-07 00:59:05,32,10.079011821274374,operational
2023-06-07 09:43:47,87,31.891286764162274,operational
2023-06-07 18:28:28,63,1.5284597902509507,operational
2023-06-08 03:13:09,86,31.53212588753123,operational
2023-06-08 11:57:50,51,-3.9830618982502033,operational
2023-06-08 20:42:31,25,-7.6527321426093495,operational
2023-06-09 05:27:12,58,9.20453057456248,operational
2023-06-09 14:11:53,63,-8.16340312866932,operational
2023-06-09 22:56:34,62,37.86351314916628,operational
2023-06-10 07:41:15,22,31.310284789698294,operational
2023-06-10 16:25:56,58,30.038484356493754,operational
2023-06-11 01:10:37,58,21.488896149807655,offline
2023-06-11 09:55:18,86,0.8162011518276753,operational
2023-06-11 18:40:00,49,15.913018333819611,operational
2023-06-12 03:24:41,52,19.86370362151705,operational
2023-06-12 12:09:22,42,16.25157504301341,operational
2023-06-12 20:54:03,70,3.011668397576365,operational
2023-06-13 05:38:44,15,15.762396215736295,operational
2023-06-13 14:23:25,54,14.559317043431328,offline
2023-06-13 23:08:06,60,39.81678879033621,operational
2023-06-14 07:52:47,97,34.871807402310196,operational
2023-06-14 16:37:28,8,13.169037410780994,operational
2023-06-15 01:22:09,53,21.146869146755936,operational
2023-06-15 10:06:50,60,27.393580204611425,operational
2023-06-15 18:51:31,5,-8.256741988308754,operational
2023-06-16 03:36:12,68,34.74607206139199,operational
2023-06-16 12:20:54,6,33.00634082089619,operational
2023-06-16 21:05:35,96,12.871604888685365,operational
2023-06-17 05:50:16,94,9.55848830401899,maintenance
2023-06-17 14:34:57,47,3.6479687428157472,offline
2023-06-17 23:19:38,99,13.833841416518421,operational
2023-06-18 08:04:19,55,-7.781166823338161,operational
2023-06-18 16:49:00,40,32.609676667350385,operational
2023-06-19 01:33:41,52,-8.228881579072747,maintenance
2023-06-19 10:18:22,16,6.45256826849355,operational
2023-06-19 19:03:03,13,36.5794744159495,operational
2023-06-20 03:47:44,30,26.760632726172638,operational
2023-06-20 12:32:25,19,4.069548028876339,operational
2023-06-20 21:17:07,17,2.6324546980442545,maintenance
2023-06-21 06:01:48,63,-9.745893009098701,maintenance
2023-06-21 14:46:29,19,24.785714642487505,operational
2023-06-21 23:31:10,92,-7.560820916341346,operational
2023-06-22 08:15:51,58,16.630125970038105,operational
2023-06-22 17:00:32,55,38.10609862960249,operational
2023-06-23 01:45:13,90,-4.526556997277305,operational
2023-06-23 10:29:54,90,34.72399654840337,operational
2023-06-23 19:14:35,62,39.57376675725241,operational
2023-06-24 03:59:16,23,-6.9241486880382475,operational
2023-06-24 12:43:57,9,34.14531345687306,maintenance
2023-06-24 21:28:38,12,15.803951022180833,operational
2023-06-25 06:13:20,1,35.325685972229,operational
2023-06-25 14:58:01,58,18.565947095978707,maintenance
2023-06-25 23:42:42,1,23.105600505328233,operational
2023-06-26 08:27:23,34,17.18894539986996,operational
2023-06-26 17:12:04,96,33.224644015367424,maintenance
2023-06-27 01:56:45,48,26.69549594768509,maintenance
2023-06-27 10:41:26,89,16.063015609020745,operational
2023-06-27 19:26:07,1,33.40804020257735,operational
2023-06-28 04:10:48,16,2.2642766127667286,operational
2023-06-28 12:55:29,61,-2.132967014873701,operational
2023-06-28 21:40:10,64,-1.9799947334963957,offline
2023-06-29 06:24:51,63,6.700443937261895,operational
2023-06-29 15:09:32,69,1.9345015650508763,operational
2023-06-29 23:54:14,22,36.50451752548693,operational
2023-06-30 08:38:55,93,-4.708295308570801,operational
2023-06-30 17:23:36,67,24.949536901979386,operational
2023-07-01 02:08:17,76,-0.5389230107497056,operational
2023-07-01 10:52:58,26,34.08185663851751,maintenance
2023-07-01 19:37:39,16,38.06576440924537,operational
2023-07-02 04:22:20,51,13.273500438499177,operational
2023-07-02 13:07:01,86,33.95357401140658,operational
2023-07-02 21:51:42,57,-9.742741462264261,operational
2023-07-03 06:36:23,29,30.997345870405006,operational
2023-07-03 15:21:04,78,1.4312580762461753,operational
2023-07-04 00:05:45,92,35.43506546346839,operational
2023-07-04 08:50:27,69,-9.943994425994525,operational
2023-07-04 17:35:08,47,17.80908675198785,operational
2023-07-05 02:19:49,94,27.831790189246732,operational
2023-07-05 11:04:30,62,2.934416534895398,operational
2023-07-05 19:49:11,69,-0.34335677063534753,operational
2023-07-06 04:33:52,76,-5.7950887766007675,operational
2023-07-06 13:18:33,16,6.32167882516465,operational
2023-07-06 22:03:14,90,17.992215615441474,operational
2023-07-07 06:47:55,90,-4.207807160987117,operational
2023-07-07 15:32:36,48,8.83476809933994,operational
2023-07-08 00:17:17,85,-9.546379767363751,maintenance
2023-07-08 09:01:58,39,30.93397102499209,operational
2023-07-08 17:46:40,33,-3.577564095340432,operational
2023-07-09 02:31:21,94,4.16714741327908,operational
2023-07-09 11:16:02,23,-9.078614063089127,offline
2023-07-09 20:00:43,10,11.612039194625616,operational
2023-07-10 04:45:24,69,32.00607513706094,operational
2023-07-10 13:30:05,34,9.607560572259828,operational
2023-07-10 22:14:46,52,-1.0251338288083307,operational
2023-07-11 06:59:27,95,27.68494170252596,operational
2023-07-11 15:44:08,10,29.440349093537215,operational
2023-07-12 00:28:49,19,-1.3123262346216595,maintenance
2023-07-12 09:13:30,58,28.54270542704949,operational
2023-07-12 17:58:11,96,37.3648944128169,operational
2023-07-13 02:42:52,1,-1.6811206533863832,operational
2023-07-13 11:27:34,69,28.549214626606776,offline
2023-07-13 20:12:15,4,25.428600230131465,operational
2023-07-14 04:56:56,16,13.678694421754425,offline
2023-07-14 13:41:37,24,-7.103976972060085,operational
2023-07-14 22:26:18,80,-6.265279112107299,operational
2023-07-15 07:10:59,2,32.62073295993238,operational
2023-07-15 15:55:40,92,39.50741863753235,operational
2023-07-16 00:40:21,32,23.80261285933772,operational
2023-07-16 09:25:02,91,12.297915350516075,operational
2023-07-16 18:09:43,84,22.37868217009538,operational
2023-07-17 02:54:24,24,19.719792961427267,operational
2023-07-17 11:39:05,12,9.18061302028109,operational
2023-07-17 20:23:47,50,-6.718692771299352,operational
2023-07-18 05:08:28,35,31.075647370372046,operational
2023-07-18 13:53:09,33,8.591676461936231,operational
2023-07-18 22:37:50,33,30.939282167854685,operational
2023-07-19 07:22:31,61,2.625437484419111,maintenance
2023-07-19 16:07:12,51,-9.94852600771833,operational
2023-07-20 00:51:53,43,-2.0530858361621735,operational
2023-07-20 09:36:34,12,13.426970838429217,maintenance
2023-07-20 18:21:15,67,37.21518174789149,operational
2023-07-21 03:05:56,65,-4.89031901531405,operational
2023-07-21 11:50:37,33,32.7104887230783,operational
2023-07-21 20:35:18,40,16.351204810593103,maintenance
2023-07-22 05:20:00,74,31.296038289994833,operational
2023-07-22 14:04:41,43,4.918721549499631,operational
2023-07-22 22:49:22,44,31.997358233623594,operational
2023-07-23 07:34:03,29,28.641139000840226,operational
2023-07-23 16:18:44,13,1.502684151571696,operational
2023-07-24 01:03:25,12,-3.433243679531097,operational
2023-07-24 09:48:06,95,33.40271612661464,operational
2023-07-24 18:32:47,46,38.1618326720066,operational
2023-07-25 03:17:28,2,-8.434884312624188,operational
2023-07-25 12:02:09,35,26.56350334868428,operational
2023-07-25 20:46:50,87,35.47622554739092,operational
2023-07-26 05:31:31,81,32.86800460462493,operational
2023-07-26 14:16:12,90,38.22602361351043,operational
2023-07-26 23:00:54,8,28.004703921904856,operational
2023-07-27 07:45:35,93,12.114938119045512,operational
2023-07-27 16:30:16,26,5.597599524756522,operational
2023-07-28 01:14:57,74,6.037137021906371,operational
2023-07-28 09:59:38,90,26.22113363070585,operational
2023-07-28 18:44:19,34,27.291850601548212,operational
2023-07-29 03:29:00,7,0.017957177435633298,offline
2023-07-29 12:13:41,68,33.40614067452655,offline
2023-07-29 20:58:22,58,25.746202010112384,operational
2023-07-30 05:43:03,75,18.13751431716913,operational
2023-07-30 14:27:44,29,13.576623005125636,maintenance
2023-07-30 23:12:25,36,17.161640289497907,operational
2023-07-31 07:57:07,89,-2.037713086036776,operational
2023-07-31 16:41:48,21,0.1850624638137095,operational
2023-08-01 01:26:29,36,-5.441775479690416,operational
2023-08-01 10:11:10,10,-2.3170980919443664,operational
2023-08-01 18:55:51,73,12.684681730264135,operational
2023-08-02 03:40:32,24,16.517719686412804,operational
2023-08-02 12:25:13,64,-9.10690537608403,operational
2023-08-02 21:09:54,99,29.839891393201377,operational
2023-08-03 05:54:35,49,4.708398667173894,operational
2023-08-03 14:39:16,99,35.591801747995554,operational
2023-08-03 23:23:57,36,38.375563180688886,operational
2023-08-04 08:08:38,82,-0.727056266167283,operational
2023-08-04 16:53:20,96,13.104864538283032,operational
2023-08-05 01:38:01,24,-9.938408241678706,operational
2023-08-05 10:22:42,23,19.916363256121347,offline
2023-08-05 19:07:23,62,20.365322413133562,operational
2023-08-06 03:52:04,96,2.3769977801687574,maintenance
2023-08-06 12:36:45,37,17.920633629159898,operational
2023-08-06 21:21:26,12,1.277007122186772,operational
2023-08-07 06:06:07,55,-1.958726546090496,operational
2023-08-07 14:50:48,13,22.575973340113237,maintenance
2023-08-07 23:35:29,23,6.296273197603746,operational
2023-08-08 08:20:10,89,19.513196944281123,operational
2023-08-08 17:04:51,99,11.662337448582779,operational
2023-08-09 01:49:32,30,39.2175703701452,operational
2023-08-09 10:34:14,17,-2.520967866621712,operational
2023-08-09 19:18:55,62,13.229929831790507,maintenance
2023-08-10 04:03:36,84,24.022831317966265,operational
2023-08-10 12:48:17,89,9.777254193998434,operational
2023-08-10 21:32:58,86,38.73499259353449,operational
2023-08-11 06:17:39,13,26.094381396346755,operational
2023-08-11 15:02:20,59,22.849192878224656,operational
2023-08-11 23:47:01,19,27.852963380561164,operational
2023-08-12 08:31:42,49,37.63243190193585,operational
2023-08-12 17:16:23,12,35.390932649232006,maintenance
2023-08-13 02:01:04,61,26.214265406320592,operational
2023-08-13 10:45:45,19,27.458081955064152,operational
2023-08-13 19:30:27,76,-2.703896298242727,operational
2023-08-14 04:15:08,9,-4.860379775366716,maintenance
2023-08-14 12:59:49,71,18.545225092208216,operational
2023-08-14 21:44:30,28,-9.081618152973,operational
2023-08-15 06:29:11,78,14.117819077579579,offline
2023-08-15 15:13:52,95,0.5174789959434296,operational
2023-08-15 23:58:33,52,7.300828382241978,operational
2023-08-16 08:43:14,83,28.7902367896478,operational
2023-08-16 17:27:55,16,37.06187521161932,maintenance
2023-08-17 02:12:36,69,-6.379186392682925,operational
2023-08-17 10:57:17,99,16.712110298822257,operational
2023-08-17 19:41:58,12,34.12667429098,operational
2023-08-18 04:26:40,25,-5.874573277978936,operational
2023-08-18 13:11:21,52,31.225702344841693,operational
2023-08-18 21:56:02,85,7.890067546413569,operational
2023-08-19 06:40:43,53,6.104735110966768,operational
2023-08-19 15:25:24,23,38.87331931573929,operational
2023-08-20 00:10:05,16,0.042954493114708114,operational
2023-08-20 08:54:46,57,24.659697041134045,operational
2023-08-20 17:39:27,39,31.072036400493324,offline
2023-08-21 02:24:08,53,-7.940825236036416,operational
2023-08-21 11:08:49,42,23.519272917720613,operational
2023-08-21 19:53:30,58,37.577498717766346,operational
2023-08-22 04:38:11,39,-3.7890016635970323,operational
2023-08-22 13:22:52,14,34.81106513425191,operational
2023-08-22 22:07:34,95,19.738831868846805,operational
2023-08-23 06:52:15,5,20.8302290931237,operational
2023-08-23 15:36:56,35,20.647208743280295,operational
2023-08-24 00:21:37,87,4.941794316865693,operational
2023-08-24 09:06:18,93,36.760090764972986,operational
2023-08-24 17:50:59,75,37.367523131551934,operational
2023-08-25 02:35:40,18,21.26523301069739,operational
2023-08-25 11:20:21,76,29.171136297080736,operational
2023-08-25 20:05:02,9,20.6128992940579,operational
2023-08-26 04:49:43,74,14.21992237870203,offline
2023-08-26 13:34:24,58,23.041005914962533,operational
2023-08-26 22:19:05,17,17.650072629597922,operational
2023-08-27 07:03:47,7,19.873793131596504,operational
2023-08-27 15:48:28,46,29.1916276709431,operational
2023-08-28 00:33:09,13,14.04519157244924,operational
2023-08-28 09:17:50,40,-7.962294695376362,maintenance
2023-08-28 18:02:31,42,-1.8000259505251375,operational
2023-08-29 02:47:12,9,11.930360824476917,operational
2023-08-29 11:31:53,50,26.241327993702917,operational
2023-08-29 20:16:34,27,19.66393241550894,offline
2023-08-30 05:01:15,66,22.514709293672695,operational
2023-08-30 13:45:56,5,13.963946428814364,operational
2023-08-30 22:30:37,29,20.787101097112142,operational
2023-08-31 07:15:18,37,6.4508718907331115,operational
2023-08-31 16:00:00,38,13.509129634833254,operational
2023-09-01 00:44:41,83,27.213953279747777,maintenance
2023-09-01 09:29:22,8,33.59163894865606,operational
2023-09-01 18:14:03,65,11.682766697819446,offline
2023-09-02 02:58:44,86,-7.8169171146319405,operational
2023-09-02 11:43:25,17,-1.9163727926598675,operational
2023-09-02 20:28:06,71,-8.956943035423095,operational
2023-09-03 05:12:47,89,22.663150961866506,operational
2023-09-03 13:57:28,45,6.6157312677554465,offline
2023-09-03 22:42:09,4,17.123931785968374,operational
2023-09-04 07:26:50,36,14.66384233918998,operational
2023-09-04 16:11:31,70,-5.923675522378665,operational
2023-09-05 00:56:12,31,10.163068056191591,operational
2023-09-05 09:40:54,19,1.0280562461161633,operational
2023-09-05 18:25:35,61,10.919989433382636,operational
2023-09-06 03:10:16,54,0.17891401711213462,operational
2023-09-06 11:54:57,39,32.02262031384667,maintenance
2023-09-06 20:39:38,91,-1.2903331710873172,operational
2023-09-07 05:24:19,74,38.03902757434885,operational
2023-09-07 14:09:00,90,10.79536830734704,operational
2023-09-07 22:53:41,19,32.31226460095247,operational
2023-09-08 07:38:22,39,21.438240910297253,operational
2023-09-08 16:23:03,67,26.76751493328763,operational
2023-09-09 01:07:44,45,28.38619440333901,offline
2023-09-09 09:52:25,13,15.24224409465089,operational
2023-09-09 18:37:07,92,17.16502616816442,operational
2023-09-10 03:21:48,58,15.699793390436248,operational
2023-09-10 12:06:29,20,19.40291890450396,operational
2023-09-10 20:51:10,92,-8.530277712174636,operational
2023-09-11 05:35:51,72,9.775758492450763,operational
2023-09-11 14:20:32,61,20.309435678058577,operational
2023-09-11 23:05:13,39,19.886178262793216,operational
2023-09-12 07:49:54,1,29.647804730281578,operational
2023-09-12 16:34:35,3,22.750466941605424,operational
2023-09-13 01:19:16,77,39.606665817033615,maintenance
2023-09-13 10:03:57,92,4.19272643043225,operational
2023-09-13 18:48:38,62,7.957551483311573,operational
2023-09-14 03:33:20,63,9.192357593389815,operational
2023-09-14 12:18:01,25,13.290640351012428,operational
2023-09-14 21:02:42,56,31.799903189060473,operational
2023-09-15 05:47:23,33,1.7896046979604936,operational
2023-09-15 14:32:04,38,28.800010351771476,maintenance
2023-09-15 23:16:45,6,10.26550915428717,operational
2023-09-16 08:01:26,58,20.092769183100426,operational
2023-09-16 16:46:07,44,21.627026661315305,operational
2023-09-17 01:30:48,45,8.642431859446724,operational
2023-09-17 10:15:29,32,15.630760260290259,operational
2023-09-17 19:00:10,45,10.65155873238485,operational
2023-09-18 03:44:51,61,-6.543360690669028,offline
2023-09-18 12:29:32,47,11.858269440841326,operational
2023-09-18 21:14:14,21,-5.130330372322391,operational
2023-09-19 05:58:55,80,10.251039954016075,operational
2023-09-19 14:43:36,85,19.645919991589093,offline
2023-09-19 23:28:17,75,18.970744967175037,operational
2023-09-20 08:12:58,36,23.13106395041602,operational
2023-09-20 16:57:39,99,-5.236924602268686,operational
2023-09-21 01:42:20,19,22.606162276521893,operational
2023-09-21 10:27:01,20,5.607402834822354,operational
2023-09-21 19:11:42,57,9.952297306855556,operational
2023-09-22 03:56:23,18,32.89931269613529,operational
2023-09-22 12:41:04,47,-9.548479793522487,offline
2023-09-22 21:25:45,49,19.42063166703027,operational
2023-09-23 06:10:27,14,19.93569900500538,operational
2023-09-23 14:55:08,15,9.832988817178098,operational
2023-09-23 23:39:49,31,1.8513928554168082,operational
2023-09-24 08:24:30,1,1.7337019130775548,operational
2023-09-24 17:09:11,54,34.18548348303763,operational
2023-09-25 01:53:52,3,12.101218689142875,operational
2023-09-25 10:38:33,16,6.544468149458595,operational
2023-09-25 19:23:14,87,12.438878691570153,operational
2023-09-26 04:07:55,57,23.469520072968066,operational
2023-09-26 12:52:36,75,-2.7121715877624153,maintenance
2023-09-26 21:37:17,12,12.471691760686884,operational
2023-09-27 06:21:58,74,19.39421855551935,operational
2023-09-27 15:06:40,96,37.429167742571686,operational
2023-09-27 23:51:21,16,2.626389103770963,operational
2023-09-28 08:36:02,72,7.9625373958122765,operational
2023-09-28 17:20:43,76,8.96792949612119,operational
2023-09-29 02:05:24,24,20.276907882244142,operational
2023-09-29 10:50:05,28,7.8366026520000815,operational
2023-09-29 19:34:46,8,16.67559626498478,operational
2023-09-30 04:19:27,92,29.08951649225147,operational
2023-09-30 13:04:08,36,25.26927970561018,operational
2023-09-30 21:48:49,90,12.318432325629278,operational
2023-10-01 06:33:30,8,33.210808883708445,operational
2023-10-01 15:18:11,58,17.907012479693144,operational
2023-10-02 00:02:52,60,16.995291975110625,operational
2023-10-02 08:47:34,50,-8.29061170304209,maintenance
2023-10-02 17:32:15,28,39.33464901785808,operational
2023-10-03 02:16:56,92,-3.851459573518664,maintenance
2023-10-03 11:01:37,41,1.5565456213823303,operational
2023-10-03 19:46:18,64,-7.415158137923652,operational
2023-10-04 04:30:59,27,22.000148341845687,operational
2023-10-04 13:15:40,63,1.235058848633999,operational
2023-10-04 22:00:21,17,-0.9994781263638259,maintenance
2023-10-05 06:45:02,73,-5.572220788837931,operational
2023-10-05 15:29:43,33,-4.8345521437992165,operational
2023-10-06 00:14:24,84,19.233535022129438,operational
2023-10-06 08:59:05,77,24.41039329332977,operational
2023-10-06 17:43:47,92,9.868949423220052,operational
2023-10-07 02:28:28,29,13.994854079603662,operational
2023-10-07 11:13:09,13,24.298386799149206,operational
2023-10-07 19:57:50,46,-9.131010490726018,operational
2023-10-08 04:42:31,35,6.1565328535139265,operational
2023-10-08 13:27:12,6,38.65488740351732,operational
2023-10-08 22:11:53,82,19.005611484773404,operational
2023-10-09 06:56:34,69,2.711228994874663,maintenance
2023-10-09 15:41:15,47,16.086502331810657,operational
2023-10-10 00:25:56,25,7.132674406045766,operational
2023-10-10 09:10:37,66,16.612249441314955,operational
2023-10-10 17:55:18,10,-3.7129244096675587,operational
2023-10-11 02:40:00,56,-3.364267309036131,operational
2023-10-11 11:24:41,30,-2.8228818980303574,maintenance
2023-10-11 20:09:22,5,36.99098959634209,operational
2023-10-12 04:54:03,33,26.64494591706709,maintenance
2023-10-12 13:38:44,65,-1.8809052668839552,operational
2023-10-12 22:23:25,18,-0.5825458117199283,operational
2023-10-13 07:08:06,96,26.54147374354382,operational
2023-10-13 15:52:47,49,-2.1918077603913035,operational
2023-10-14 00:37:28,11,1.7280646667414334,operational
2023-10-14 09:22:09,85,38.16734164101995,operational
2023-10-14 18:06:50,26,2.7653262364215934,operational
2023-10-15 02:51:31,63,23.081617518557337,operational
2023-10-15 11:36:12,89,38.93156437002652,operational
2023-10-15 20:20:54,86,8.714838356989631,operational
2023-10-16 05:05:35,59,-9.124200456896888,operational
2023-10-16 13:50:16,27,2.2073645211187127,operational
2023-10-16 22:34:57,49,31.54385956708527,operational
2023-10-17 07:19:38,77,33.23044179775184,operational
2023-10-17 16:04:19,33,28.42596822618956,operational
2023-10-18 00:49:00,98,-4.344509046171349,operational
2023-10-18 09:33:41,99,29.775518584820155,maintenance
2023-10-18 18:18:22,1,35.93388984967521,operational
2023-10-19 03:03:03,21,20.030477127311805,operational
2023-10-19 11:47:44,55,37.04376781690324,operational
2023-10-19 20:32:25,6,31.341944185593874,operational
2023-10-20 05:17:07,92,23.348575849545362,operational
2023-10-20 14:01:48,81,18.859261835587407,operational
2023-10-20 22:46:29,69,7.428683362098525,operational
2023-10-21 07:31:10,95,-2.035627737859743,operational
2023-10-21 16:15:51,5,20.24769613452704,operational
2023-10-22 01:00:32,3,5.905577680905974,operational
2023-10-22 09:45:13,53,33.32193337638227,operational
2023-10-22 18:29:54,23,39.666846867931426,offline
2023-10-23 03:14:35,53,27.621388130778627,operational
2023-10-23 11:59:16,37,-5.475915235647463,maintenance
2023-10-23 20:43:57,74,4.4342797765319055,operational
2023-10-24 05:28:38,74,-4.544518411712514,operational
2023-10-24 14:13:20,83,22.525582389585786,operational
2023-10-24 22:58:01,17,28.25954322778923,operational
2023-10-25 07:42:42,85,36.28374154403559,operational
2023-10-25 16:27:23,78,11.908617320599383,operational
2023-10-26 01:12:04,73,35.06878247942222,operational
2023-10-26 09:56:45,1,33.89455795206638,operational
2023-10-26 18:41:26,51,5.85978583826993,operational
2023-10-27 03:26:07,45,33.44503127702855,operational
2023-10-27 12:10:48,77,8.783612594086325,operational
2023-10-27 20:55:29,4,4.84346372801404,operational
2023-10-28 05:40:10,62,22.453732939719657,maintenance
2023-10-28 14:24:51,65,6.419061394254054,maintenance
2023-10-28 23:09:32,32,21.51043741645721,operational
2023-10-29 07:54:14,34,20.491590274934726,operational
2023-10-29 16:38:55,92,18.17194636742294,operational
2023-10-30 01:23:36,95,9.020985211639886,operational
2023-10-30 10:08:17,72,17.424986082573838,operational
2023-10-30 18:52:58,39,19.82427374927108,operational
2023-10-31 03:37:39,26,17.28434442477367,operational
2023-10-31 12:22:20,34,12.220972637560077,operational
2023-10-31 21:07:01,54,-9.26664714768681,operational
2023-11-01 05:51:42,3,19.353085385057547,operational
2023-11-01 14:36:23,50,-1.577780742864018,maintenance
2023-11-01 23:21:04,12,22.12879844735948,operational
2023-11-02 08:05:45,65,27.9672163961433,operational
2023-11-02 16:50:27,54,15.022265456537074,offline
2023-11-03 01:35:08,5,17.118183248986917,operational
2023-11-03 10:19:49,94,37.573927983299555,operational
2023-11-03 19:04:30,94,32.35836806862871,operational
2023-11-04 03:49:11,57,35.711825797573496,operational
2023-11-04 12:33:52,17,30.68831441597932,operational
2023-11-04 21:18:33,47,-4.554082907663428,operational
2023-11-05 06:03:14,23,-2.5504072014902643,maintenance
2023-11-05 14:47:55,79,16.331189863447978,operational
2023-11-05 23:32:36,85,2.3034829398999115,operational
2023-11-06 08:17:17,14,13.83477375205796,operational
2023-11-06 17:01:58,66,9.718266190917511,operational
2023-11-07 01:46:40,75,17.470711921522668,operational
2023-11-07 10:31:21,51,27.343785806791132,operational
2023-11-07 19:16:02,38,25.77454535496372,operational
2023-11-08 04:00:43,64,16.061706624266716,operational
2023-11-08 12:45:24,98,31.119670940852906,maintenance
2023-11-08 21:30:05,38,11.543104576901666,operational
2023-11-09 06:14:46,50,34.83571449200612,operational
2023-11-09 14:59:27,98,-6.435986497241805,operational
2023-11-09 23:44:08,82,37.73300150166537,maintenance
2023-11-10 08:28:49,30,22.734654071567412,operational
2023-11-10 17:13:30,79,9.003725446860265,offline
2023-11-11 01:58:11,91,-0.14229367135613202,operational
2023-11-11 10:42:52,51,13.959161472179996,operational
2023-11-11 19:27:34,63,-0.2720838407349504,operational
2023-11-12 04:12:15,98,-1.6834196128428918,operational
2023-11-12 12:56:56,52,20.86758787064871,operational
2023-11-12 21:41:37,38,16.154236229089236,operational
2023-11-13 06:26:18,97,23.504801730547086,operational
2023-11-13 15:10:59,88,36.48029387109946,operational
2023-11-13 23:55:40,79,16.613010666952007,maintenance
2023-11-14 08:40:21,30,19.046602663139886,operational
2023-11-14 17:25:02,51,-5.518683042252894,maintenance
2023-11-15 02:09:43,81,25.881789295431474,operational
2023-11-15 10:54:24,5,9.99526034020781,operational
2023-11-15 19:39:05,29,38.836261933128945,operational
2023-11-16 04:23:47,4,31.15870077978301,operational
2023-11-16 13:08:28,10,16.124052025805916,operational
2023-11-16 21:53:09,56,-3.838867291391698,operational
2023-11-17 06:37:50,17,32.97078966402946,operational
2023-11-17 15:22:31,74,29.989054771201083,maintenance
2023-11-18 00:07:12,17,-0.7707435231483508,operational
2023-11-18 08:51:53,84,4.763914461015503,operational
2023-11-18 17:36:34,88,29.670362907391862,offline
2023-11-19 02:21:15,69,-0.7385776726295177,operational
2023-11-19 11:05:56,34,35.887624458568865,operational
2023-11-19 19:50:37,6,11.226371259818094,operational
2023-11-20 04:35:18,53,-5.648051870617068,operational
2023-11-20 13:20:00,66,30.787432175214043,operational
2023-11-20 22:04:41,77,8.675484151919381,operational
2023-11-21 06:49:22,43,16.32495970768905,operational
2023-11-21 15:34:03,75,-4.384782779439042,operational
2023-11-22 00:18:44,23,-9.87079925775088,operational
2023-11-22 09:03:25,55,21.899260289664884,operational
2023-11-22 17:48:06,80,15.75875851668658,operational
2023-11-23 02:32:47,95,19.67692845615736,operational
2023-11-23 11:17:28,75,29.687192519025814,operational
2023-11-23 20:02:09,16,22.330295671143006,operational
2023-11-24 04:46:50,8,-1.261327858631141,offline
2023-11-24 13:31:31,4,8.03862595552999,operational
2023-11-24 22:16:12,4,35.29455523938802,operational
2023-11-25 07:00:54,56,28.49723501258395,operational
2023-11-25 15:45:35,25,17.831852896835862,operational
2023-11-26 00:30:16,67,2.782249890463614,operational
2023-11-26 09:14:57,96,5.103025091739752,operational
2023-11-26 17:59:38,67,26.597903379281725,operational
2023-11-27 02:44:19,27,32.558713042638544,operational
2023-11-27 11:29:00,93,23.571233476530722,operational
2023-11-27 20:13:41,32,30.47649878842209,offline
2023-11-28 04:58:22,50,28.332806760020297,operational
2023-11-28 13:43:03,61,-2.5148016021521133,operational
2023-11-28 22:27:44,51,11.1972406456651,operational
2023-11-29 07:12:25,19,-2.350809958571867,operational
2023-11-29 15:57:07,21,1.7617792400992407,operational
2023-11-30 00:41:48,5,33.46298123255263,operational
2023-11-30 09:26:29,82,13.644598281659107,operational
2023-11-30 18:11:10,92,16.76790509213304,operational
2023-12-01 02:55:51,42,-1.0777017386113936,operational
2023-12-01 11:40:32,61,5.6135893024398005,operational
2023-12-01 20:25:13,22,1.512308421393497,operational
2023-12-02 05:09:54,21,0.30930822592132046,operational
2023-12-02 13:54:35,70,21.898039665798507,operational
2023-12-02 22:39:16,1,2.8441923822857405,operational
2023-12-03 07:23:57,5,21.600774301020923,operational
2023-12-03 16:08:38,12,-7.077269294572305,offline
2023-12-04 00:53:20,90,-2.911280323644907,operational
2023-12-04 09:38:01,46,3.72701270000627,operational
2023-12-04 18:22:42,34,19.852345844784583,operational
2023-12-05 03:07:23,49,23.7920622543688,operational
2023-12-05 11:52:04,78,12.135848338976356,operational
2023-12-05 20:36:45,90,12.289545728861448,operational
2023-12-06 05:21:26,45,26.225842569930904,operational
2023-12-06 14:06:07,27,-9.208945411720878,operational
2023-12-06 22:50:48,73,7.0545012237110285,operational
2023-12-07 07:35:29,26,30.93535285596164,operational
2023-12-07 16:20:10,47,20.160970510668612,operational
2023-12-08 01:04:51,86,6.861356637771017,maintenance
2023-12-08 09:49:32,56,35.27623961648369,operational
2023-12-08 18:34:14,94,28.63113637246913,operational
2023-12-09 03:18:55,63,3.24477236183667,operational
2023-12-09 12:03:36,48,22.264491876285845,offline
2023-12-09 20:48:17,61,19.787536409447835,operational
2023-12-10 05:32:58,81,10.059395701949136,operational
2023-12-10 14:17:39,26,8.347803960240032,operational
2023-12-10 23:02:20,36,7.178023738785196,operational
2023-12-11 07:47:01,1,20.85778916978234,operational
2023-12-11 16:31:42,8,12.120496824033474,operational
2023-12-12 01:16:23,99,31.5931556625711,operational
2023-12-12 10:01:04,52,23.480130806698092,operational
2023-12-12 18:45:45,79,-6.5034197145282935,operational
2023-12-13 03:30:27,47,22.008411191408307,offline
2023-12-13 12:15:08,56,3.5573718250092394,operational
2023-12-13 20:59:49,86,19.640599582671136,operational
2023-12-14 05:44:30,14,24.00659655517257,operational
2023-12-14 14:29:11,90,1.5414594577006042,maintenance
2023-12-14 23:13:52,28,12.842932244018431,operational
2023-12-15 07:58:33,87,-0.4837568590466095,maintenance
2023-12-15 16:43:14,78,-7.383056210674584,operational
2023-12-16 01:27:55,88,8.923821174293455,operational
2023-12-16 10:12:36,2,8.1472135922996,operational
2023-12-16 18:57:17,26,39.77402453521285,offline
2023-12-17 03:41:58,14,12.317617559882109,operational
2023-12-17 12:26:40,59,6.67847747361002,maintenance
2023-12-17 21:11:21,56,19.023750335833732,maintenance
2023-12-18 05:56:02,7,-5.561630294611577,operational
2023-12-18 14:40:43,3,38.08328679774066,operational
2023-12-18 23:25:24,23,21.748002279551656,maintenance
2023-12-19 08:10:05,18,27.74189099704239,operational
2023-12-19 16:54:46,38,-1.4761030913041235,operational
2023-12-20 01:39:27,99,10.473892650260193,operational
2023-12-20 10:24:08,15,11.134455669809476,operational
2023-12-20 19:08:49,64,31.09032219505434,maintenance
2023-12-21 03:53:30,89,-9.938166012029528,operational
2023-12-21 12:38:11,28,5.042655417662754,operational
2023-12-21 21:22:52,74,39.061818717215196,operational
2023-12-22 06:07:34,39,13.744327175310932,operational
2023-12-22 14:52:15,57,9.126314012200414,offline
2023-12-22 23:36:56,17,-4.008549899117683,operational
2023-12-23 08:21:37,86,38.708231431400776,operational
2023-12-23 17:06:18,90,-8.998682203708777,operational
2023-12-24 01:50:59,44,26.85901125036216,operational
2023-12-24 10:35:40,25,28.429990239425422,maintenance
2023-12-24 19:20:21,17,2.1828358031933313,operational
2023-12-25 04:05:02,13,23.577922180651868,operational
2023-12-25 12:49:43,84,-5.353542781030503,operational
2023-12-25 21:34:24,25,2.8523633216039936,maintenance
2023-12-26 06:19:05,68,29.39509941461325,operational
2023-12-26 15:03:47,10,33.23430960167701,operational
2023-12-26 23:48:28,67,20.424320632989566,operational
2023-12-27 08:33:09,18,15.341921591024132,offline
2023-12-27 17:17:50,86,-2.0347989690509847,operational
2023-12-28 02:02:31,34,-6.844548346042492,operational
2023-12-28 10:47:12,8,-4.1175485763220685,operational
2023-12-28 19:31:53,40,1.3678650048049388,operational
2023-12-29 04:16:34,83,7.0837250948460415,operational
2023-12-29 13:01:15,42,9.045476275549362,offline
2023-12-29 21:45:56,41,7.316088429450176,operational
2023-12-30 06:30:37,6,1.9527666098632803,operational
2023-12-30 15:15:18,52,15.486212337584906,operational
2023-12-31 00:00:00,26,31.26430541164484,operational
